roll_no,semester,subject_code,subject_name,grade,points,credits,credit_points
12024001,1,BSM101,Mathematics-I,A,8.0,4.0,32.0
12024001,1,CS101,Programming Basics,A,8.0,4.0,32.0
12024001,1,PHY101,Physics,O,10.0,4.0,40.0
12024001,1,EE101,Basic Electrical,C,6.0,4.0,24.0
12024001,1,ENG101,English,O,10.0,4.0,40.0
12024001,2,BSM301,Mathematics-III,E,9.0,4.0,36.0
12024001,2,CS201,Data Structures,O,10.0,4.0,40.0
12024001,2,CS202,Digital Logic,B,7.0,4.0,28.0
12024001,2,ME201,Engineering Mechanics,E,9.0,4.0,36.0
12024001,2,HS201,Economics,C,6.0,4.0,24.0
12024001,3,CS301,OOP with Java,A,8.0,4.0,32.0
12024001,3,CS302,DBMS,E,9.0,4.0,36.0
12024001,3,CS303,Computer Networks,E,9.0,4.0,36.0
12024001,3,BSM302,Mathematics-IV,O,10.0,4.0,40.0
12024001,3,CS304,OS Basics,A,8.0,4.0,32.0
12024001,4,CS401,Algorithms,B,7.0,4.0,28.0
12024001,4,CS402,Software Engineering,A,8.0,4.0,32.0
12024001,4,CS403,Theory of Computation,C,6.0,4.0,24.0
12024001,4,CS404,Microprocessors,C,6.0,4.0,24.0
12024001,4,CS405,Web Development,O,10.0,4.0,40.0
12024002,1,BSM101,Mathematics-I,E,9.0,4.0,36.0
12024002,1,CS101,Programming Basics,A,8.0,4.0,32.0
12024002,1,PHY101,Physics,A,8.0,4.0,32.0
12024002,1,EE101,Basic Electrical,C,6.0,4.0,24.0
12024002,1,ENG101,English,C,6.0,4.0,24.0
12024002,2,BSM301,Mathematics-III,B,7.0,4.0,28.0
12024002,2,CS201,Data Structures,E,9.0,4.0,36.0
12024002,2,CS202,Digital Logic,A,8.0,4.0,32.0
12024002,2,ME201,Engineering Mechanics,E,9.0,4.0,36.0
12024002,2,HS201,Economics,A,8.0,4.0,32.0
12024002,3,CS301,OOP with Java,A,8.0,4.0,32.0
12024002,3,CS302,DBMS,B,7.0,4.0,28.0
12024002,3,CS303,Computer Networks,B,7.0,4.0,28.0
12024002,3,BSM302,Mathematics-IV,E,9.0,4.0,36.0
12024002,3,CS304,OS Basics,E,9.0,4.0,36.0
12024002,4,CS401,Algorithms,O,10.0,4.0,40.0
12024002,4,CS402,Software Engineering,A,8.0,4.0,32.0
12024002,4,CS403,Theory of Computation,C,6.0,4.0,24.0
12024002,4,CS404,Microprocessors,C,6.0,4.0,24.0
12024002,4,CS405,Web Development,C,6.0,4.0,24.0
12024003,1,BSM101,Mathematics-I,O,10.0,4.0,40.0
12024003,1,CS101,Programming Basics,B,7.0,4.0,28.0
12024003,1,PHY101,Physics,E,9.0,4.0,36.0
12024003,1,EE101,Basic Electrical,O,10.0,4.0,40.0
12024003,1,ENG101,English,A,8.0,4.0,32.0
12024003,2,BSM301,Mathematics-III,A,8.0,4.0,32.0
12024003,2,CS201,Data Structures,O,10.0,4.0,40.0
12024003,2,CS202,Digital Logic,B,7.0,4.0,28.0
12024003,2,ME201,Engineering Mechanics,B,7.0,4.0,28.0
12024003,2,HS201,Economics,E,9.0,4.0,36.0
12024003,3,CS301,OOP with Java,O,10.0,4.0,40.0
12024003,3,CS302,DBMS,C,6.0,4.0,24.0
12024003,3,CS303,Computer Networks,C,6.0,4.0,24.0
12024003,3,BSM302,Mathematics-IV,O,10.0,4.0,40.0
12024003,3,CS304,OS Basics,B,7.0,4.0,28.0
12024003,4,CS401,Algorithms,A,8.0,4.0,32.0
12024003,4,CS402,Software Engineering,C,6.0,4.0,24.0
12024003,4,CS403,Theory of Computation,C,6.0,4.0,24.0
12024003,4,CS404,Microprocessors,O,10.0,4.0,40.0
12024003,4,CS405,Web Development,O,10.0,4.0,40.0
12024004,1,BSM101,Mathematics-I,O,10.0,4.0,40.0
12024004,1,CS101,Programming Basics,C,6.0,4.0,24.0
12024004,1,PHY101,Physics,B,7.0,4.0,28.0
12024004,1,EE101,Basic Electrical,B,7.0,4.0,28.0
12024004,1,ENG101,English,B,7.0,4.0,28.0
12024004,2,BSM301,Mathematics-III,E,9.0,4.0,36.0
12024004,2,CS201,Data Structures,A,8.0,4.0,32.0
12024004,2,CS202,Digital Logic,B,7.0,4.0,28.0
12024004,2,ME201,Engineering Mechanics,A,8.0,4.0,32.0
12024004,2,HS201,Economics,E,9.0,4.0,36.0
12024004,3,CS301,OOP with Java,A,8.0,4.0,32.0
12024004,3,CS302,DBMS,C,6.0,4.0,24.0
12024004,3,CS303,Computer Networks,O,10.0,4.0,40.0
12024004,3,BSM302,Mathematics-IV,A,8.0,4.0,32.0
12024004,3,CS304,OS Basics,O,10.0,4.0,40.0
12024004,4,CS401,Algorithms,E,9.0,4.0,36.0
12024004,4,CS402,Software Engineering,B,7.0,4.0,28.0
12024004,4,CS403,Theory of Computation,B,7.0,4.0,28.0
12024004,4,CS404,Microprocessors,E,9.0,4.0,36.0
12024004,4,CS405,Web Development,A,8.0,4.0,32.0
12024005,1,BSM101,Mathematics-I,C,6.0,4.0,24.0
12024005,1,CS101,Programming Basics,C,6.0,4.0,24.0
12024005,1,PHY101,Physics,C,6.0,4.0,24.0
12024005,1,EE101,Basic Electrical,C,6.0,4.0,24.0
12024005,1,ENG101,English,O,10.0,4.0,40.0
12024005,2,BSM301,Mathematics-III,A,8.0,4.0,32.0
12024005,2,CS201,Data Structures,O,10.0,4.0,40.0
12024005,2,CS202,Digital Logic,B,7.0,4.0,28.0
12024005,2,ME201,Engineering Mechanics,A,8.0,4.0,32.0
12024005,2,HS201,Economics,A,8.0,4.0,32.0
12024005,3,CS301,OOP with Java,B,7.0,4.0,28.0
12024005,3,CS302,DBMS,B,7.0,4.0,28.0
12024005,3,CS303,Computer Networks,B,7.0,4.0,28.0
12024005,3,BSM302,Mathematics-IV,B,7.0,4.0,28.0
12024005,3,CS304,OS Basics,C,6.0,4.0,24.0
12024005,4,CS401,Algorithms,A,8.0,4.0,32.0
12024005,4,CS402,Software Engineering,B,7.0,4.0,28.0
12024005,4,CS403,Theory of Computation,C,6.0,4.0,24.0
12024005,4,CS404,Microprocessors,E,9.0,4.0,36.0
12024005,4,CS405,Web Development,E,9.0,4.0,36.0
12024006,1,BSM101,Mathematics-I,B,7.0,4.0,28.0
12024006,1,CS101,Programming Basics,C,6.0,4.0,24.0
12024006,1,PHY101,Physics,B,7.0,4.0,28.0
12024006,1,EE101,Basic Electrical,O,10.0,4.0,40.0
12024006,1,ENG101,English,A,8.0,4.0,32.0
12024006,2,BSM301,Mathematics-III,C,6.0,4.0,24.0
12024006,2,CS201,Data Structures,B,7.0,4.0,28.0
12024006,2,CS202,Digital Logic,A,8.0,4.0,32.0
12024006,2,ME201,Engineering Mechanics,E,9.0,4.0,36.0
12024006,2,HS201,Economics,E,9.0,4.0,36.0
12024006,3,CS301,OOP with Java,E,9.0,4.0,36.0
12024006,3,CS302,DBMS,C,6.0,4.0,24.0
12024006,3,CS303,Computer Networks,B,7.0,4.0,28.0
12024006,3,BSM302,Mathematics-IV,C,6.0,4.0,24.0
12024006,3,CS304,OS Basics,E,9.0,4.0,36.0
12024006,4,CS401,Algorithms,A,8.0,4.0,32.0
12024006,4,CS402,Software Engineering,E,9.0,4.0,36.0
12024006,4,CS403,Theory of Computation,E,9.0,4.0,36.0
12024006,4,CS404,Microprocessors,C,6.0,4.0,24.0
12024006,4,CS405,Web Development,C,6.0,4.0,24.0
12024007,1,BSM101,Mathematics-I,E,9.0,4.0,36.0
12024007,1,CS101,Programming Basics,A,8.0,4.0,32.0
12024007,1,PHY101,Physics,O,10.0,4.0,40.0
12024007,1,EE101,Basic Electrical,C,6.0,4.0,24.0
12024007,1,ENG101,English,B,7.0,4.0,28.0
12024007,2,BSM301,Mathematics-III,A,8.0,4.0,32.0
12024007,2,CS201,Data Structures,C,6.0,4.0,24.0
12024007,2,CS202,Digital Logic,B,7.0,4.0,28.0
12024007,2,ME201,Engineering Mechanics,E,9.0,4.0,36.0
12024007,2,HS201,Economics,A,8.0,4.0,32.0
12024007,3,CS301,OOP with Java,O,10.0,4.0,40.0
12024007,3,CS302,DBMS,C,6.0,4.0,24.0
12024007,3,CS303,Computer Networks,B,7.0,4.0,28.0
12024007,3,BSM302,Mathematics-IV,B,7.0,4.0,28.0
12024007,3,CS304,OS Basics,A,8.0,4.0,32.0
12024007,4,CS401,Algorithms,E,9.0,4.0,36.0
12024007,4,CS402,Software Engineering,O,10.0,4.0,40.0
12024007,4,CS403,Theory of Computation,C,6.0,4.0,24.0
12024007,4,CS404,Microprocessors,A,8.0,4.0,32.0
12024007,4,CS405,Web Development,C,6.0,4.0,24.0
12024008,1,BSM101,Mathematics-I,E,9.0,4.0,36.0
12024008,1,CS101,Programming Basics,A,8.0,4.0,32.0
12024008,1,PHY101,Physics,O,10.0,4.0,40.0
12024008,1,EE101,Basic Electrical,C,6.0,4.0,24.0
12024008,1,ENG101,English,B,7.0,4.0,28.0
12024008,2,BSM301,Mathematics-III,E,9.0,4.0,36.0
12024008,2,CS201,Data Structures,E,9.0,4.0,36.0
12024008,2,CS202,Digital Logic,E,9.0,4.0,36.0
12024008,2,ME201,Engineering Mechanics,E,9.0,4.0,36.0
12024008,2,HS201,Economics,E,9.0,4.0,36.0
12024008,3,CS301,OOP with Java,B,7.0,4.0,28.0
12024008,3,CS302,DBMS,O,10.0,4.0,40.0
12024008,3,CS303,Computer Networks,C,6.0,4.0,24.0
12024008,3,BSM302,Mathematics-IV,A,8.0,4.0,32.0
12024008,3,CS304,OS Basics,E,9.0,4.0,36.0
12024008,4,CS401,Algorithms,C,6.0,4.0,24.0
12024008,4,CS402,Software Engineering,C,6.0,4.0,24.0
12024008,4,CS403,Theory of Computation,A,8.0,4.0,32.0
12024008,4,CS404,Microprocessors,O,10.0,4.0,40.0
12024008,4,CS405,Web Development,A,8.0,4.0,32.0
12024009,1,BSM101,Mathematics-I,E,9.0,4.0,36.0
12024009,1,CS101,Programming Basics,A,8.0,4.0,32.0
12024009,1,PHY101,Physics,B,7.0,4.0,28.0
12024009,1,EE101,Basic Electrical,C,6.0,4.0,24.0
12024009,1,ENG101,English,E,9.0,4.0,36.0
12024009,2,BSM301,Mathematics-III,C,6.0,4.0,24.0
12024009,2,CS201,Data Structures,E,9.0,4.0,36.0
12024009,2,CS202,Digital Logic,C,6.0,4.0,24.0
12024009,2,ME201,Engineering Mechanics,B,7.0,4.0,28.0
12024009,2,HS201,Economics,E,9.0,4.0,36.0
12024009,3,CS301,OOP with Java,A,8.0,4.0,32.0
12024009,3,CS302,DBMS,E,9.0,4.0,36.0
12024009,3,CS303,Computer Networks,A,8.0,4.0,32.0
12024009,3,BSM302,Mathematics-IV,A,8.0,4.0,32.0
12024009,3,CS304,OS Basics,C,6.0,4.0,24.0
12024009,4,CS401,Algorithms,C,6.0,4.0,24.0
12024009,4,CS402,Software Engineering,E,9.0,4.0,36.0
12024009,4,CS403,Theory of Computation,O,10.0,4.0,40.0
12024009,4,CS404,Microprocessors,A,8.0,4.0,32.0
12024009,4,CS405,Web Development,C,6.0,4.0,24.0
12024010,1,BSM101,Mathematics-I,C,6.0,4.0,24.0
12024010,1,CS101,Programming Basics,E,9.0,4.0,36.0
12024010,1,PHY101,Physics,O,10.0,4.0,40.0
12024010,1,EE101,Basic Electrical,A,8.0,4.0,32.0
12024010,1,ENG101,English,E,9.0,4.0,36.0
12024010,2,BSM301,Mathematics-III,A,8.0,4.0,32.0
12024010,2,CS201,Data Structures,A,8.0,4.0,32.0
12024010,2,CS202,Digital Logic,B,7.0,4.0,28.0
12024010,2,ME201,Engineering Mechanics,B,7.0,4.0,28.0
12024010,2,HS201,Economics,B,7.0,4.0,28.0
12024010,3,CS301,OOP with Java,O,10.0,4.0,40.0
12024010,3,CS302,DBMS,O,10.0,4.0,40.0
12024010,3,CS303,Computer Networks,C,6.0,4.0,24.0
12024010,3,BSM302,Mathematics-IV,E,9.0,4.0,36.0
12024010,3,CS304,OS Basics,O,10.0,4.0,40.0
12024010,4,CS401,Algorithms,C,6.0,4.0,24.0
12024010,4,CS402,Software Engineering,O,10.0,4.0,40.0
12024010,4,CS403,Theory of Computation,A,8.0,4.0,32.0
12024010,4,CS404,Microprocessors,O,10.0,4.0,40.0
12024010,4,CS405,Web Development,C,6.0,4.0,24.0
12024011,1,BSM101,Mathematics-I,C,6.0,4.0,24.0
12024011,1,CS101,Programming Basics,B,7.0,4.0,28.0
12024011,1,PHY101,Physics,C,6.0,4.0,24.0
12024011,1,EE101,Basic Electrical,B,7.0,4.0,28.0
12024011,1,ENG101,English,B,7.0,4.0,28.0
12024011,2,BSM301,Mathematics-III,B,7.0,4.0,28.0
12024011,2,CS201,Data Structures,O,10.0,4.0,40.0
12024011,2,CS202,Digital Logic,C,6.0,4.0,24.0
12024011,2,ME201,Engineering Mechanics,B,7.0,4.0,28.0
12024011,2,HS201,Economics,A,8.0,4.0,32.0
12024011,3,CS301,OOP with Java,E,9.0,4.0,36.0
12024011,3,CS302,DBMS,B,7.0,4.0,28.0
12024011,3,CS303,Computer Networks,E,9.0,4.0,36.0
12024011,3,BSM302,Mathematics-IV,O,10.0,4.0,40.0
12024011,3,CS304,OS Basics,O,10.0,4.0,40.0
12024011,4,CS401,Algorithms,C,6.0,4.0,24.0
12024011,4,CS402,Software Engineering,B,7.0,4.0,28.0
12024011,4,CS403,Theory of Computation,O,10.0,4.0,40.0
12024011,4,CS404,Microprocessors,B,7.0,4.0,28.0
12024011,4,CS405,Web Development,A,8.0,4.0,32.0
12024012,1,BSM101,Mathematics-I,A,8.0,4.0,32.0
12024012,1,CS101,Programming Basics,A,8.0,4.0,32.0
12024012,1,PHY101,Physics,O,10.0,4.0,40.0
12024012,1,EE101,Basic Electrical,A,8.0,4.0,32.0
12024012,1,ENG101,English,B,7.0,4.0,28.0
12024012,2,BSM301,Mathematics-III,B,7.0,4.0,28.0
12024012,2,CS201,Data Structures,O,10.0,4.0,40.0
12024012,2,CS202,Digital Logic,O,10.0,4.0,40.0
12024012,2,ME201,Engineering Mechanics,A,8.0,4.0,32.0
12024012,2,HS201,Economics,E,9.0,4.0,36.0
12024012,3,CS301,OOP with Java,C,6.0,4.0,24.0
12024012,3,CS302,DBMS,E,9.0,4.0,36.0
12024012,3,CS303,Computer Networks,B,7.0,4.0,28.0
12024012,3,BSM302,Mathematics-IV,B,7.0,4.0,28.0
12024012,3,CS304,OS Basics,E,9.0,4.0,36.0
12024012,4,CS401,Algorithms,E,9.0,4.0,36.0
12024012,4,CS402,Software Engineering,O,10.0,4.0,40.0
12024012,4,CS403,Theory of Computation,A,8.0,4.0,32.0
12024012,4,CS404,Microprocessors,O,10.0,4.0,40.0
12024012,4,CS405,Web Development,C,6.0,4.0,24.0
12024013,1,BSM101,Mathematics-I,A,8.0,4.0,32.0
12024013,1,CS101,Programming Basics,B,7.0,4.0,28.0
12024013,1,PHY101,Physics,A,8.0,4.0,32.0
12024013,1,EE101,Basic Electrical,C,6.0,4.0,24.0
12024013,1,ENG101,English,E,9.0,4.0,36.0
12024013,2,BSM301,Mathematics-III,E,9.0,4.0,36.0
12024013,2,CS201,Data Structures,E,9.0,4.0,36.0
12024013,2,CS202,Digital Logic,C,6.0,4.0,24.0
12024013,2,ME201,Engineering Mechanics,E,9.0,4.0,36.0
12024013,2,HS201,Economics,B,7.0,4.0,28.0
12024013,3,CS301,OOP with Java,B,7.0,4.0,28.0
12024013,3,CS302,DBMS,O,10.0,4.0,40.0
12024013,3,CS303,Computer Networks,B,7.0,4.0,28.0
12024013,3,BSM302,Mathematics-IV,B,7.0,4.0,28.0
12024013,3,CS304,OS Basics,A,8.0,4.0,32.0
12024013,4,CS401,Algorithms,O,10.0,4.0,40.0
12024013,4,CS402,Software Engineering,C,6.0,4.0,24.0
12024013,4,CS403,Theory of Computation,B,7.0,4.0,28.0
12024013,4,CS404,Microprocessors,C,6.0,4.0,24.0
12024013,4,CS405,Web Development,B,7.0,4.0,28.0
12024014,1,BSM101,Mathematics-I,B,7.0,4.0,28.0
12024014,1,CS101,Programming Basics,E,9.0,4.0,36.0
12024014,1,PHY101,Physics,E,9.0,4.0,36.0
12024014,1,EE101,Basic Electrical,O,10.0,4.0,40.0
12024014,1,ENG101,English,B,7.0,4.0,28.0
12024014,2,BSM301,Mathematics-III,C,6.0,4.0,24.0
12024014,2,CS201,Data Structures,B,7.0,4.0,28.0
12024014,2,CS202,Digital Logic,O,10.0,4.0,40.0
12024014,2,ME201,Engineering Mechanics,C,6.0,4.0,24.0
12024014,2,HS201,Economics,E,9.0,4.0,36.0
12024014,3,CS301,OOP with Java,B,7.0,4.0,28.0
12024014,3,CS302,DBMS,C,6.0,4.0,24.0
12024014,3,CS303,Computer Networks,C,6.0,4.0,24.0
12024014,3,BSM302,Mathematics-IV,O,10.0,4.0,40.0
12024014,3,CS304,OS Basics,E,9.0,4.0,36.0
12024014,4,CS401,Algorithms,C,6.0,4.0,24.0
12024014,4,CS402,Software Engineering,B,7.0,4.0,28.0
12024014,4,CS403,Theory of Computation,C,6.0,4.0,24.0
12024014,4,CS404,Microprocessors,C,6.0,4.0,24.0
12024014,4,CS405,Web Development,B,7.0,4.0,28.0
12024015,1,BSM101,Mathematics-I,C,6.0,4.0,24.0
12024015,1,CS101,Programming Basics,E,9.0,4.0,36.0
12024015,1,PHY101,Physics,C,6.0,4.0,24.0
12024015,1,EE101,Basic Electrical,O,10.0,4.0,40.0
12024015,1,ENG101,English,B,7.0,4.0,28.0
12024015,2,BSM301,Mathematics-III,O,10.0,4.0,40.0
12024015,2,CS201,Data Structures,O,10.0,4.0,40.0
12024015,2,CS202,Digital Logic,C,6.0,4.0,24.0
12024015,2,ME201,Engineering Mechanics,C,6.0,4.0,24.0
12024015,2,HS201,Economics,C,6.0,4.0,24.0
12024015,3,CS301,OOP with Java,A,8.0,4.0,32.0
12024015,3,CS302,DBMS,O,10.0,4.0,40.0
12024015,3,CS303,Computer Networks,E,9.0,4.0,36.0
12024015,3,BSM302,Mathematics-IV,A,8.0,4.0,32.0
12024015,3,CS304,OS Basics,B,7.0,4.0,28.0
12024015,4,CS401,Algorithms,E,9.0,4.0,36.0
12024015,4,CS402,Software Engineering,O,10.0,4.0,40.0
12024015,4,CS403,Theory of Computation,C,6.0,4.0,24.0
12024015,4,CS404,Microprocessors,E,9.0,4.0,36.0
12024015,4,CS405,Web Development,B,7.0,4.0,28.0
12024016,1,BSM101,Mathematics-I,E,9.0,4.0,36.0
12024016,1,CS101,Programming Basics,E,9.0,4.0,36.0
12024016,1,PHY101,Physics,C,6.0,4.0,24.0
12024016,1,EE101,Basic Electrical,E,9.0,4.0,36.0
12024016,1,ENG101,English,C,6.0,4.0,24.0
12024016,2,BSM301,Mathematics-III,B,7.0,4.0,28.0
12024016,2,CS201,Data Structures,E,9.0,4.0,36.0
12024016,2,CS202,Digital Logic,E,9.0,4.0,36.0
12024016,2,ME201,Engineering Mechanics,B,7.0,4.0,28.0
12024016,2,HS201,Economics,A,8.0,4.0,32.0
12024016,3,CS301,OOP with Java,O,10.0,4.0,40.0
12024016,3,CS302,DBMS,O,10.0,4.0,40.0
12024016,3,CS303,Computer Networks,O,10.0,4.0,40.0
12024016,3,BSM302,Mathematics-IV,A,8.0,4.0,32.0
12024016,3,CS304,OS Basics,O,10.0,4.0,40.0
12024016,4,CS401,Algorithms,A,8.0,4.0,32.0
12024016,4,CS402,Software Engineering,B,7.0,4.0,28.0
12024016,4,CS403,Theory of Computation,A,8.0,4.0,32.0
12024016,4,CS404,Microprocessors,A,8.0,4.0,32.0
12024016,4,CS405,Web Development,O,10.0,4.0,40.0
12024017,1,BSM101,Mathematics-I,O,10.0,4.0,40.0
12024017,1,CS101,Programming Basics,C,6.0,4.0,24.0
12024017,1,PHY101,Physics,O,10.0,4.0,40.0
12024017,1,EE101,Basic Electrical,A,8.0,4.0,32.0
12024017,1,ENG101,English,A,8.0,4.0,32.0
12024017,2,BSM301,Mathematics-III,C,6.0,4.0,24.0
12024017,2,CS201,Data Structures,O,10.0,4.0,40.0
12024017,2,CS202,Digital Logic,A,8.0,4.0,32.0
12024017,2,ME201,Engineering Mechanics,E,9.0,4.0,36.0
12024017,2,HS201,Economics,A,8.0,4.0,32.0
12024017,3,CS301,OOP with Java,B,7.0,4.0,28.0
12024017,3,CS302,DBMS,O,10.0,4.0,40.0
12024017,3,CS303,Computer Networks,B,7.0,4.0,28.0
12024017,3,BSM302,Mathematics-IV,A,8.0,4.0,32.0
12024017,3,CS304,OS Basics,E,9.0,4.0,36.0
12024017,4,CS401,Algorithms,A,8.0,4.0,32.0
12024017,4,CS402,Software Engineering,B,7.0,4.0,28.0
12024017,4,CS403,Theory of Computation,B,7.0,4.0,28.0
12024017,4,CS404,Microprocessors,C,6.0,4.0,24.0
12024017,4,CS405,Web Development,B,7.0,4.0,28.0
12024018,1,BSM101,Mathematics-I,B,7.0,4.0,28.0
12024018,1,CS101,Programming Basics,B,7.0,4.0,28.0
12024018,1,PHY101,Physics,B,7.0,4.0,28.0
12024018,1,EE101,Basic Electrical,A,8.0,4.0,32.0
12024018,1,ENG101,English,C,6.0,4.0,24.0
12024018,2,BSM301,Mathematics-III,O,10.0,4.0,40.0
12024018,2,CS201,Data Structures,B,7.0,4.0,28.0
12024018,2,CS202,Digital Logic,A,8.0,4.0,32.0
12024018,2,ME201,Engineering Mechanics,B,7.0,4.0,28.0
12024018,2,HS201,Economics,O,10.0,4.0,40.0
12024018,3,CS301,OOP with Java,A,8.0,4.0,32.0
12024018,3,CS302,DBMS,C,6.0,4.0,24.0
12024018,3,CS303,Computer Networks,A,8.0,4.0,32.0
12024018,3,BSM302,Mathematics-IV,C,6.0,4.0,24.0
12024018,3,CS304,OS Basics,B,7.0,4.0,28.0
12024018,4,CS401,Algorithms,E,9.0,4.0,36.0
12024018,4,CS402,Software Engineering,B,7.0,4.0,28.0
12024018,4,CS403,Theory of Computation,B,7.0,4.0,28.0
12024018,4,CS404,Microprocessors,C,6.0,4.0,24.0
12024018,4,CS405,Web Development,B,7.0,4.0,28.0
12024019,1,BSM101,Mathematics-I,B,7.0,4.0,28.0
12024019,1,CS101,Programming Basics,A,8.0,4.0,32.0
12024019,1,PHY101,Physics,A,8.0,4.0,32.0
12024019,1,EE101,Basic Electrical,E,9.0,4.0,36.0
12024019,1,ENG101,English,A,8.0,4.0,32.0
12024019,2,BSM301,Mathematics-III,A,8.0,4.0,32.0
12024019,2,CS201,Data Structures,C,6.0,4.0,24.0
12024019,2,CS202,Digital Logic,C,6.0,4.0,24.0
12024019,2,ME201,Engineering Mechanics,E,9.0,4.0,36.0
12024019,2,HS201,Economics,B,7.0,4.0,28.0
12024019,3,CS301,OOP with Java,E,9.0,4.0,36.0
12024019,3,CS302,DBMS,B,7.0,4.0,28.0
12024019,3,CS303,Computer Networks,O,10.0,4.0,40.0
12024019,3,BSM302,Mathematics-IV,C,6.0,4.0,24.0
12024019,3,CS304,OS Basics,C,6.0,4.0,24.0
12024019,4,CS401,Algorithms,C,6.0,4.0,24.0
12024019,4,CS402,Software Engineering,B,7.0,4.0,28.0
12024019,4,CS403,Theory of Computation,E,9.0,4.0,36.0
12024019,4,CS404,Microprocessors,O,10.0,4.0,40.0
12024019,4,CS405,Web Development,B,7.0,4.0,28.0
12024020,1,BSM101,Mathematics-I,E,9.0,4.0,36.0
12024020,1,CS101,Programming Basics,B,7.0,4.0,28.0
12024020,1,PHY101,Physics,O,10.0,4.0,40.0
12024020,1,EE101,Basic Electrical,E,9.0,4.0,36.0
12024020,1,ENG101,English,C,6.0,4.0,24.0
12024020,2,BSM301,Mathematics-III,E,9.0,4.0,36.0
12024020,2,CS201,Data Structures,C,6.0,4.0,24.0
12024020,2,CS202,Digital Logic,A,8.0,4.0,32.0
12024020,2,ME201,Engineering Mechanics,C,6.0,4.0,24.0
12024020,2,HS201,Economics,B,7.0,4.0,28.0
12024020,3,CS301,OOP with Java,B,7.0,4.0,28.0
12024020,3,CS302,DBMS,O,10.0,4.0,40.0
12024020,3,CS303,Computer Networks,O,10.0,4.0,40.0
12024020,3,BSM302,Mathematics-IV,O,10.0,4.0,40.0
12024020,3,CS304,OS Basics,A,8.0,4.0,32.0
12024020,4,CS401,Algorithms,C,6.0,4.0,24.0
12024020,4,CS402,Software Engineering,O,10.0,4.0,40.0
12024020,4,CS403,Theory of Computation,E,9.0,4.0,36.0
12024020,4,CS404,Microprocessors,C,6.0,4.0,24.0
12024020,4,CS405,Web Development,C,6.0,4.0,24.0
12024021,1,BSM101,Mathematics-I,A,8.0,4.0,32.0
12024021,1,CS101,Programming Basics,B,7.0,4.0,28.0
12024021,1,PHY101,Physics,C,6.0,4.0,24.0
12024021,1,EE101,Basic Electrical,B,7.0,4.0,28.0
12024021,1,ENG101,English,C,6.0,4.0,24.0
12024021,2,BSM301,Mathematics-III,O,10.0,4.0,40.0
12024021,2,CS201,Data Structures,E,9.0,4.0,36.0
12024021,2,CS202,Digital Logic,B,7.0,4.0,28.0
12024021,2,ME201,Engineering Mechanics,E,9.0,4.0,36.0
12024021,2,HS201,Economics,B,7.0,4.0,28.0
12024021,3,CS301,OOP with Java,E,9.0,4.0,36.0
12024021,3,CS302,DBMS,A,8.0,4.0,32.0
12024021,3,CS303,Computer Networks,O,10.0,4.0,40.0
12024021,3,BSM302,Mathematics-IV,B,7.0,4.0,28.0
12024021,3,CS304,OS Basics,E,9.0,4.0,36.0
12024021,4,CS401,Algorithms,C,6.0,4.0,24.0
12024021,4,CS402,Software Engineering,O,10.0,4.0,40.0
12024021,4,CS403,Theory of Computation,B,7.0,4.0,28.0
12024021,4,CS404,Microprocessors,O,10.0,4.0,40.0
12024021,4,CS405,Web Development,B,7.0,4.0,28.0
12024022,1,BSM101,Mathematics-I,A,8.0,4.0,32.0
12024022,1,CS101,Programming Basics,A,8.0,4.0,32.0
12024022,1,PHY101,Physics,B,7.0,4.0,28.0
12024022,1,EE101,Basic Electrical,B,7.0,4.0,28.0
12024022,1,ENG101,English,E,9.0,4.0,36.0
12024022,2,BSM301,Mathematics-III,O,10.0,4.0,40.0
12024022,2,CS201,Data Structures,O,10.0,4.0,40.0
12024022,2,CS202,Digital Logic,O,10.0,4.0,40.0
12024022,2,ME201,Engineering Mechanics,A,8.0,4.0,32.0
12024022,2,HS201,Economics,C,6.0,4.0,24.0
12024022,3,CS301,OOP with Java,E,9.0,4.0,36.0
12024022,3,CS302,DBMS,A,8.0,4.0,32.0
12024022,3,CS303,Computer Networks,C,6.0,4.0,24.0
12024022,3,BSM302,Mathematics-IV,A,8.0,4.0,32.0
12024022,3,CS304,OS Basics,E,9.0,4.0,36.0
12024022,4,CS401,Algorithms,C,6.0,4.0,24.0
12024022,4,CS402,Software Engineering,C,6.0,4.0,24.0
12024022,4,CS403,Theory of Computation,O,10.0,4.0,40.0
12024022,4,CS404,Microprocessors,O,10.0,4.0,40.0
12024022,4,CS405,Web Development,C,6.0,4.0,24.0
12024023,1,BSM101,Mathematics-I,C,6.0,4.0,24.0
12024023,1,CS101,Programming Basics,B,7.0,4.0,28.0
12024023,1,PHY101,Physics,C,6.0,4.0,24.0
12024023,1,EE101,Basic Electrical,B,7.0,4.0,28.0
12024023,1,ENG101,English,C,6.0,4.0,24.0
12024023,2,BSM301,Mathematics-III,E,9.0,4.0,36.0
12024023,2,CS201,Data Structures,A,8.0,4.0,32.0
12024023,2,CS202,Digital Logic,E,9.0,4.0,36.0
12024023,2,ME201,Engineering Mechanics,E,9.0,4.0,36.0
12024023,2,HS201,Economics,A,8.0,4.0,32.0
12024023,3,CS301,OOP with Java,O,10.0,4.0,40.0
12024023,3,CS302,DBMS,A,8.0,4.0,32.0
12024023,3,CS303,Computer Networks,A,8.0,4.0,32.0
12024023,3,BSM302,Mathematics-IV,E,9.0,4.0,36.0
12024023,3,CS304,OS Basics,A,8.0,4.0,32.0
12024023,4,CS401,Algorithms,E,9.0,4.0,36.0
12024023,4,CS402,Software Engineering,A,8.0,4.0,32.0
12024023,4,CS403,Theory of Computation,C,6.0,4.0,24.0
12024023,4,CS404,Microprocessors,E,9.0,4.0,36.0
12024023,4,CS405,Web Development,E,9.0,4.0,36.0
12024024,1,BSM101,Mathematics-I,E,9.0,4.0,36.0
12024024,1,CS101,Programming Basics,C,6.0,4.0,24.0
12024024,1,PHY101,Physics,C,6.0,4.0,24.0
12024024,1,EE101,Basic Electrical,O,10.0,4.0,40.0
12024024,1,ENG101,English,A,8.0,4.0,32.0
12024024,2,BSM301,Mathematics-III,C,6.0,4.0,24.0
12024024,2,CS201,Data Structures,E,9.0,4.0,36.0
12024024,2,CS202,Digital Logic,E,9.0,4.0,36.0
12024024,2,ME201,Engineering Mechanics,O,10.0,4.0,40.0
12024024,2,HS201,Economics,A,8.0,4.0,32.0
12024024,3,CS301,OOP with Java,O,10.0,4.0,40.0
12024024,3,CS302,DBMS,A,8.0,4.0,32.0
12024024,3,CS303,Computer Networks,O,10.0,4.0,40.0
12024024,3,BSM302,Mathematics-IV,C,6.0,4.0,24.0
12024024,3,CS304,OS Basics,A,8.0,4.0,32.0
12024024,4,CS401,Algorithms,B,7.0,4.0,28.0
12024024,4,CS402,Software Engineering,B,7.0,4.0,28.0
12024024,4,CS403,Theory of Computation,A,8.0,4.0,32.0
12024024,4,CS404,Microprocessors,B,7.0,4.0,28.0
12024024,4,CS405,Web Development,C,6.0,4.0,24.0
12024025,1,BSM101,Mathematics-I,E,9.0,4.0,36.0
12024025,1,CS101,Programming Basics,C,6.0,4.0,24.0
12024025,1,PHY101,Physics,O,10.0,4.0,40.0
12024025,1,EE101,Basic Electrical,E,9.0,4.0,36.0
12024025,1,ENG101,English,O,10.0,4.0,40.0
12024025,2,BSM301,Mathematics-III,A,8.0,4.0,32.0
12024025,2,CS201,Data Structures,O,10.0,4.0,40.0
12024025,2,CS202,Digital Logic,E,9.0,4.0,36.0
12024025,2,ME201,Engineering Mechanics,C,6.0,4.0,24.0
12024025,2,HS201,Economics,A,8.0,4.0,32.0
12024025,3,CS301,OOP with Java,A,8.0,4.0,32.0
12024025,3,CS302,DBMS,O,10.0,4.0,40.0
12024025,3,CS303,Computer Networks,O,10.0,4.0,40.0
12024025,3,BSM302,Mathematics-IV,A,8.0,4.0,32.0
12024025,3,CS304,OS Basics,A,8.0,4.0,32.0
12024025,4,CS401,Algorithms,A,8.0,4.0,32.0
12024025,4,CS402,Software Engineering,B,7.0,4.0,28.0
12024025,4,CS403,Theory of Computation,A,8.0,4.0,32.0
12024025,4,CS404,Microprocessors,E,9.0,4.0,36.0
12024025,4,CS405,Web Development,B,7.0,4.0,28.0
12024026,1,BSM101,Mathematics-I,O,10.0,4.0,40.0
12024026,1,CS101,Programming Basics,E,9.0,4.0,36.0
12024026,1,PHY101,Physics,A,8.0,4.0,32.0
12024026,1,EE101,Basic Electrical,A,8.0,4.0,32.0
12024026,1,ENG101,English,A,8.0,4.0,32.0
12024026,2,BSM301,Mathematics-III,A,8.0,4.0,32.0
12024026,2,CS201,Data Structures,C,6.0,4.0,24.0
12024026,2,CS202,Digital Logic,B,7.0,4.0,28.0
12024026,2,ME201,Engineering Mechanics,C,6.0,4.0,24.0
12024026,2,HS201,Economics,O,10.0,4.0,40.0
12024026,3,CS301,OOP with Java,O,10.0,4.0,40.0
12024026,3,CS302,DBMS,O,10.0,4.0,40.0
12024026,3,CS303,Computer Networks,A,8.0,4.0,32.0
12024026,3,BSM302,Mathematics-IV,A,8.0,4.0,32.0
12024026,3,CS304,OS Basics,A,8.0,4.0,32.0
12024026,4,CS401,Algorithms,C,6.0,4.0,24.0
12024026,4,CS402,Software Engineering,B,7.0,4.0,28.0
12024026,4,CS403,Theory of Computation,E,9.0,4.0,36.0
12024026,4,CS404,Microprocessors,B,7.0,4.0,28.0
12024026,4,CS405,Web Development,A,8.0,4.0,32.0
12024027,1,BSM101,Mathematics-I,A,8.0,4.0,32.0
12024027,1,CS101,Programming Basics,C,6.0,4.0,24.0
12024027,1,PHY101,Physics,C,6.0,4.0,24.0
12024027,1,EE101,Basic Electrical,A,8.0,4.0,32.0
12024027,1,ENG101,English,A,8.0,4.0,32.0
12024027,2,BSM301,Mathematics-III,A,8.0,4.0,32.0
12024027,2,CS201,Data Structures,B,7.0,4.0,28.0
12024027,2,CS202,Digital Logic,B,7.0,4.0,28.0
12024027,2,ME201,Engineering Mechanics,E,9.0,4.0,36.0
12024027,2,HS201,Economics,B,7.0,4.0,28.0
12024027,3,CS301,OOP with Java,E,9.0,4.0,36.0
12024027,3,CS302,DBMS,O,10.0,4.0,40.0
12024027,3,CS303,Computer Networks,O,10.0,4.0,40.0
12024027,3,BSM302,Mathematics-IV,C,6.0,4.0,24.0
12024027,3,CS304,OS Basics,E,9.0,4.0,36.0
12024027,4,CS401,Algorithms,O,10.0,4.0,40.0
12024027,4,CS402,Software Engineering,C,6.0,4.0,24.0
12024027,4,CS403,Theory of Computation,C,6.0,4.0,24.0
12024027,4,CS404,Microprocessors,B,7.0,4.0,28.0
12024027,4,CS405,Web Development,O,10.0,4.0,40.0
12024028,1,BSM101,Mathematics-I,E,9.0,4.0,36.0
12024028,1,CS101,Programming Basics,C,6.0,4.0,24.0
12024028,1,PHY101,Physics,O,10.0,4.0,40.0
12024028,1,EE101,Basic Electrical,O,10.0,4.0,40.0
12024028,1,ENG101,English,B,7.0,4.0,28.0
12024028,2,BSM301,Mathematics-III,B,7.0,4.0,28.0
12024028,2,CS201,Data Structures,B,7.0,4.0,28.0
12024028,2,CS202,Digital Logic,B,7.0,4.0,28.0
12024028,2,ME201,Engineering Mechanics,E,9.0,4.0,36.0
12024028,2,HS201,Economics,A,8.0,4.0,32.0
12024028,3,CS301,OOP with Java,A,8.0,4.0,32.0
12024028,3,CS302,DBMS,A,8.0,4.0,32.0
12024028,3,CS303,Computer Networks,O,10.0,4.0,40.0
12024028,3,BSM302,Mathematics-IV,B,7.0,4.0,28.0
12024028,3,CS304,OS Basics,E,9.0,4.0,36.0
12024028,4,CS401,Algorithms,C,6.0,4.0,24.0
12024028,4,CS402,Software Engineering,O,10.0,4.0,40.0
12024028,4,CS403,Theory of Computation,A,8.0,4.0,32.0
12024028,4,CS404,Microprocessors,B,7.0,4.0,28.0
12024028,4,CS405,Web Development,B,7.0,4.0,28.0
12024029,1,BSM101,Mathematics-I,B,7.0,4.0,28.0
12024029,1,CS101,Programming Basics,O,10.0,4.0,40.0
12024029,1,PHY101,Physics,A,8.0,4.0,32.0
12024029,1,EE101,Basic Electrical,C,6.0,4.0,24.0
12024029,1,ENG101,English,A,8.0,4.0,32.0
12024029,2,BSM301,Mathematics-III,O,10.0,4.0,40.0
12024029,2,CS201,Data Structures,A,8.0,4.0,32.0
12024029,2,CS202,Digital Logic,C,6.0,4.0,24.0
12024029,2,ME201,Engineering Mechanics,A,8.0,4.0,32.0
12024029,2,HS201,Economics,E,9.0,4.0,36.0
12024029,3,CS301,OOP with Java,C,6.0,4.0,24.0
12024029,3,CS302,DBMS,C,6.0,4.0,24.0
12024029,3,CS303,Computer Networks,O,10.0,4.0,40.0
12024029,3,BSM302,Mathematics-IV,E,9.0,4.0,36.0
12024029,3,CS304,OS Basics,B,7.0,4.0,28.0
12024029,4,CS401,Algorithms,A,8.0,4.0,32.0
12024029,4,CS402,Software Engineering,B,7.0,4.0,28.0
12024029,4,CS403,Theory of Computation,E,9.0,4.0,36.0
12024029,4,CS404,Microprocessors,A,8.0,4.0,32.0
12024029,4,CS405,Web Development,O,10.0,4.0,40.0
12024030,1,BSM101,Mathematics-I,B,7.0,4.0,28.0
12024030,1,CS101,Programming Basics,A,8.0,4.0,32.0
12024030,1,PHY101,Physics,A,8.0,4.0,32.0
12024030,1,EE101,Basic Electrical,E,9.0,4.0,36.0
12024030,1,ENG101,English,O,10.0,4.0,40.0
12024030,2,BSM301,Mathematics-III,C,6.0,4.0,24.0
12024030,2,CS201,Data Structures,E,9.0,4.0,36.0
12024030,2,CS202,Digital Logic,C,6.0,4.0,24.0
12024030,2,ME201,Engineering Mechanics,A,8.0,4.0,32.0
12024030,2,HS201,Economics,A,8.0,4.0,32.0
12024030,3,CS301,OOP with Java,A,8.0,4.0,32.0
12024030,3,CS302,DBMS,C,6.0,4.0,24.0
12024030,3,CS303,Computer Networks,E,9.0,4.0,36.0
12024030,3,BSM302,Mathematics-IV,B,7.0,4.0,28.0
12024030,3,CS304,OS Basics,B,7.0,4.0,28.0
12024030,4,CS401,Algorithms,A,8.0,4.0,32.0
12024030,4,CS402,Software Engineering,C,6.0,4.0,24.0
12024030,4,CS403,Theory of Computation,B,7.0,4.0,28.0
12024030,4,CS404,Microprocessors,B,7.0,4.0,28.0
12024030,4,CS405,Web Development,A,8.0,4.0,32.0
12024031,1,BSM101,Mathematics-I,E,9.0,4.0,36.0
12024031,1,CS101,Programming Basics,B,7.0,4.0,28.0
12024031,1,PHY101,Physics,O,10.0,4.0,40.0
12024031,1,EE101,Basic Electrical,A,8.0,4.0,32.0
12024031,1,ENG101,English,C,6.0,4.0,24.0
12024031,2,BSM301,Mathematics-III,E,9.0,4.0,36.0
12024031,2,CS201,Data Structures,E,9.0,4.0,36.0
12024031,2,CS202,Digital Logic,E,9.0,4.0,36.0
12024031,2,ME201,Engineering Mechanics,B,7.0,4.0,28.0
12024031,2,HS201,Economics,E,9.0,4.0,36.0
12024031,3,CS301,OOP with Java,C,6.0,4.0,24.0
12024031,3,CS302,DBMS,O,10.0,4.0,40.0
12024031,3,CS303,Computer Networks,C,6.0,4.0,24.0
12024031,3,BSM302,Mathematics-IV,E,9.0,4.0,36.0
12024031,3,CS304,OS Basics,E,9.0,4.0,36.0
12024031,4,CS401,Algorithms,A,8.0,4.0,32.0
12024031,4,CS402,Software Engineering,O,10.0,4.0,40.0
12024031,4,CS403,Theory of Computation,A,8.0,4.0,32.0
12024031,4,CS404,Microprocessors,B,7.0,4.0,28.0
12024031,4,CS405,Web Development,A,8.0,4.0,32.0
12024032,1,BSM101,Mathematics-I,C,6.0,4.0,24.0
12024032,1,CS101,Programming Basics,B,7.0,4.0,28.0
12024032,1,PHY101,Physics,O,10.0,4.0,40.0
12024032,1,EE101,Basic Electrical,E,9.0,4.0,36.0
12024032,1,ENG101,English,E,9.0,4.0,36.0
12024032,2,BSM301,Mathematics-III,A,8.0,4.0,32.0
12024032,2,CS201,Data Structures,A,8.0,4.0,32.0
12024032,2,CS202,Digital Logic,E,9.0,4.0,36.0
12024032,2,ME201,Engineering Mechanics,E,9.0,4.0,36.0
12024032,2,HS201,Economics,A,8.0,4.0,32.0
12024032,3,CS301,OOP with Java,C,6.0,4.0,24.0
12024032,3,CS302,DBMS,O,10.0,4.0,40.0
12024032,3,CS303,Computer Networks,E,9.0,4.0,36.0
12024032,3,BSM302,Mathematics-IV,C,6.0,4.0,24.0
12024032,3,CS304,OS Basics,E,9.0,4.0,36.0
12024032,4,CS401,Algorithms,O,10.0,4.0,40.0
12024032,4,CS402,Software Engineering,E,9.0,4.0,36.0
12024032,4,CS403,Theory of Computation,O,10.0,4.0,40.0
12024032,4,CS404,Microprocessors,B,7.0,4.0,28.0
12024032,4,CS405,Web Development,C,6.0,4.0,24.0
12024033,1,BSM101,Mathematics-I,A,8.0,4.0,32.0
12024033,1,CS101,Programming Basics,O,10.0,4.0,40.0
12024033,1,PHY101,Physics,O,10.0,4.0,40.0
12024033,1,EE101,Basic Electrical,C,6.0,4.0,24.0
12024033,1,ENG101,English,E,9.0,4.0,36.0
12024033,2,BSM301,Mathematics-III,C,6.0,4.0,24.0
12024033,2,CS201,Data Structures,E,9.0,4.0,36.0
12024033,2,CS202,Digital Logic,B,7.0,4.0,28.0
12024033,2,ME201,Engineering Mechanics,B,7.0,4.0,28.0
12024033,2,HS201,Economics,E,9.0,4.0,36.0
12024033,3,CS301,OOP with Java,E,9.0,4.0,36.0
12024033,3,CS302,DBMS,O,10.0,4.0,40.0
12024033,3,CS303,Computer Networks,E,9.0,4.0,36.0
12024033,3,BSM302,Mathematics-IV,A,8.0,4.0,32.0
12024033,3,CS304,OS Basics,B,7.0,4.0,28.0
12024033,4,CS401,Algorithms,E,9.0,4.0,36.0
12024033,4,CS402,Software Engineering,A,8.0,4.0,32.0
12024033,4,CS403,Theory of Computation,B,7.0,4.0,28.0
12024033,4,CS404,Microprocessors,O,10.0,4.0,40.0
12024033,4,CS405,Web Development,B,7.0,4.0,28.0
12024034,1,BSM101,Mathematics-I,O,10.0,4.0,40.0
12024034,1,CS101,Programming Basics,O,10.0,4.0,40.0
12024034,1,PHY101,Physics,O,10.0,4.0,40.0
12024034,1,EE101,Basic Electrical,O,10.0,4.0,40.0
12024034,1,ENG101,English,O,10.0,4.0,40.0
12024034,2,BSM301,Mathematics-III,A,8.0,4.0,32.0
12024034,2,CS201,Data Structures,C,6.0,4.0,24.0
12024034,2,CS202,Digital Logic,A,8.0,4.0,32.0
12024034,2,ME201,Engineering Mechanics,O,10.0,4.0,40.0
12024034,2,HS201,Economics,E,9.0,4.0,36.0
12024034,3,CS301,OOP with Java,O,10.0,4.0,40.0
12024034,3,CS302,DBMS,C,6.0,4.0,24.0
12024034,3,CS303,Computer Networks,E,9.0,4.0,36.0
12024034,3,BSM302,Mathematics-IV,B,7.0,4.0,28.0
12024034,3,CS304,OS Basics,O,10.0,4.0,40.0
12024034,4,CS401,Algorithms,E,9.0,4.0,36.0
12024034,4,CS402,Software Engineering,E,9.0,4.0,36.0
12024034,4,CS403,Theory of Computation,C,6.0,4.0,24.0
12024034,4,CS404,Microprocessors,C,6.0,4.0,24.0
12024034,4,CS405,Web Development,A,8.0,4.0,32.0
12024035,1,BSM101,Mathematics-I,B,7.0,4.0,28.0
12024035,1,CS101,Programming Basics,O,10.0,4.0,40.0
12024035,1,PHY101,Physics,A,8.0,4.0,32.0
12024035,1,EE101,Basic Electrical,B,7.0,4.0,28.0
12024035,1,ENG101,English,E,9.0,4.0,36.0
12024035,2,BSM301,Mathematics-III,C,6.0,4.0,24.0
12024035,2,CS201,Data Structures,B,7.0,4.0,28.0
12024035,2,CS202,Digital Logic,C,6.0,4.0,24.0
12024035,2,ME201,Engineering Mechanics,O,10.0,4.0,40.0
12024035,2,HS201,Economics,B,7.0,4.0,28.0
12024035,3,CS301,OOP with Java,C,6.0,4.0,24.0
12024035,3,CS302,DBMS,A,8.0,4.0,32.0
12024035,3,CS303,Computer Networks,C,6.0,4.0,24.0
12024035,3,BSM302,Mathematics-IV,A,8.0,4.0,32.0
12024035,3,CS304,OS Basics,C,6.0,4.0,24.0
12024035,4,CS401,Algorithms,B,7.0,4.0,28.0
12024035,4,CS402,Software Engineering,A,8.0,4.0,32.0
12024035,4,CS403,Theory of Computation,C,6.0,4.0,24.0
12024035,4,CS404,Microprocessors,C,6.0,4.0,24.0
12024035,4,CS405,Web Development,O,10.0,4.0,40.0
12024036,1,BSM101,Mathematics-I,C,6.0,4.0,24.0
12024036,1,CS101,Programming Basics,O,10.0,4.0,40.0
12024036,1,PHY101,Physics,E,9.0,4.0,36.0
12024036,1,EE101,Basic Electrical,C,6.0,4.0,24.0
12024036,1,ENG101,English,A,8.0,4.0,32.0
12024036,2,BSM301,Mathematics-III,O,10.0,4.0,40.0
12024036,2,CS201,Data Structures,E,9.0,4.0,36.0
12024036,2,CS202,Digital Logic,A,8.0,4.0,32.0
12024036,2,ME201,Engineering Mechanics,O,10.0,4.0,40.0
12024036,2,HS201,Economics,A,8.0,4.0,32.0
12024036,3,CS301,OOP with Java,E,9.0,4.0,36.0
12024036,3,CS302,DBMS,O,10.0,4.0,40.0
12024036,3,CS303,Computer Networks,A,8.0,4.0,32.0
12024036,3,BSM302,Mathematics-IV,A,8.0,4.0,32.0
12024036,3,CS304,OS Basics,A,8.0,4.0,32.0
12024036,4,CS401,Algorithms,C,6.0,4.0,24.0
12024036,4,CS402,Software Engineering,B,7.0,4.0,28.0
12024036,4,CS403,Theory of Computation,O,10.0,4.0,40.0
12024036,4,CS404,Microprocessors,C,6.0,4.0,24.0
12024036,4,CS405,Web Development,B,7.0,4.0,28.0
12024037,1,BSM101,Mathematics-I,A,8.0,4.0,32.0
12024037,1,CS101,Programming Basics,E,9.0,4.0,36.0
12024037,1,PHY101,Physics,B,7.0,4.0,28.0
12024037,1,EE101,Basic Electrical,A,8.0,4.0,32.0
12024037,1,ENG101,English,A,8.0,4.0,32.0
12024037,2,BSM301,Mathematics-III,O,10.0,4.0,40.0
12024037,2,CS201,Data Structures,E,9.0,4.0,36.0
12024037,2,CS202,Digital Logic,A,8.0,4.0,32.0
12024037,2,ME201,Engineering Mechanics,E,9.0,4.0,36.0
12024037,2,HS201,Economics,O,10.0,4.0,40.0
12024037,3,CS301,OOP with Java,E,9.0,4.0,36.0
12024037,3,CS302,DBMS,O,10.0,4.0,40.0
12024037,3,CS303,Computer Networks,C,6.0,4.0,24.0
12024037,3,BSM302,Mathematics-IV,C,6.0,4.0,24.0
12024037,3,CS304,OS Basics,O,10.0,4.0,40.0
12024037,4,CS401,Algorithms,C,6.0,4.0,24.0
12024037,4,CS402,Software Engineering,C,6.0,4.0,24.0
12024037,4,CS403,Theory of Computation,C,6.0,4.0,24.0
12024037,4,CS404,Microprocessors,C,6.0,4.0,24.0
12024037,4,CS405,Web Development,C,6.0,4.0,24.0
12024038,1,BSM101,Mathematics-I,E,9.0,4.0,36.0
12024038,1,CS101,Programming Basics,A,8.0,4.0,32.0
12024038,1,PHY101,Physics,B,7.0,4.0,28.0
12024038,1,EE101,Basic Electrical,A,8.0,4.0,32.0
12024038,1,ENG101,English,B,7.0,4.0,28.0
12024038,2,BSM301,Mathematics-III,C,6.0,4.0,24.0
12024038,2,CS201,Data Structures,A,8.0,4.0,32.0
12024038,2,CS202,Digital Logic,A,8.0,4.0,32.0
12024038,2,ME201,Engineering Mechanics,A,8.0,4.0,32.0
12024038,2,HS201,Economics,A,8.0,4.0,32.0
12024038,3,CS301,OOP with Java,E,9.0,4.0,36.0
12024038,3,CS302,DBMS,B,7.0,4.0,28.0
12024038,3,CS303,Computer Networks,C,6.0,4.0,24.0
12024038,3,BSM302,Mathematics-IV,O,10.0,4.0,40.0
12024038,3,CS304,OS Basics,B,7.0,4.0,28.0
12024038,4,CS401,Algorithms,O,10.0,4.0,40.0
12024038,4,CS402,Software Engineering,B,7.0,4.0,28.0
12024038,4,CS403,Theory of Computation,B,7.0,4.0,28.0
12024038,4,CS404,Microprocessors,C,6.0,4.0,24.0
12024038,4,CS405,Web Development,C,6.0,4.0,24.0
12024039,1,BSM101,Mathematics-I,A,8.0,4.0,32.0
12024039,1,CS101,Programming Basics,B,7.0,4.0,28.0
12024039,1,PHY101,Physics,A,8.0,4.0,32.0
12024039,1,EE101,Basic Electrical,B,7.0,4.0,28.0
12024039,1,ENG101,English,B,7.0,4.0,28.0
12024039,2,BSM301,Mathematics-III,O,10.0,4.0,40.0
12024039,2,CS201,Data Structures,O,10.0,4.0,40.0
12024039,2,CS202,Digital Logic,C,6.0,4.0,24.0
12024039,2,ME201,Engineering Mechanics,E,9.0,4.0,36.0
12024039,2,HS201,Economics,A,8.0,4.0,32.0
12024039,3,CS301,OOP with Java,O,10.0,4.0,40.0
12024039,3,CS302,DBMS,O,10.0,4.0,40.0
12024039,3,CS303,Computer Networks,C,6.0,4.0,24.0
12024039,3,BSM302,Mathematics-IV,A,8.0,4.0,32.0
12024039,3,CS304,OS Basics,B,7.0,4.0,28.0
12024039,4,CS401,Algorithms,B,7.0,4.0,28.0
12024039,4,CS402,Software Engineering,C,6.0,4.0,24.0
12024039,4,CS403,Theory of Computation,E,9.0,4.0,36.0
12024039,4,CS404,Microprocessors,A,8.0,4.0,32.0
12024039,4,CS405,Web Development,A,8.0,4.0,32.0
12024040,1,BSM101,Mathematics-I,B,7.0,4.0,28.0
12024040,1,CS101,Programming Basics,C,6.0,4.0,24.0
12024040,1,PHY101,Physics,E,9.0,4.0,36.0
12024040,1,EE101,Basic Electrical,E,9.0,4.0,36.0
12024040,1,ENG101,English,O,10.0,4.0,40.0
12024040,2,BSM301,Mathematics-III,E,9.0,4.0,36.0
12024040,2,CS201,Data Structures,E,9.0,4.0,36.0
12024040,2,CS202,Digital Logic,A,8.0,4.0,32.0
12024040,2,ME201,Engineering Mechanics,E,9.0,4.0,36.0
12024040,2,HS201,Economics,C,6.0,4.0,24.0
12024040,3,CS301,OOP with Java,A,8.0,4.0,32.0
12024040,3,CS302,DBMS,E,9.0,4.0,36.0
12024040,3,CS303,Computer Networks,C,6.0,4.0,24.0
12024040,3,BSM302,Mathematics-IV,E,9.0,4.0,36.0
12024040,3,CS304,OS Basics,C,6.0,4.0,24.0
12024040,4,CS401,Algorithms,O,10.0,4.0,40.0
12024040,4,CS402,Software Engineering,E,9.0,4.0,36.0
12024040,4,CS403,Theory of Computation,B,7.0,4.0,28.0
12024040,4,CS404,Microprocessors,O,10.0,4.0,40.0
12024040,4,CS405,Web Development,E,9.0,4.0,36.0
12024041,1,BSM101,Mathematics-I,B,7.0,4.0,28.0
12024041,1,CS101,Programming Basics,A,8.0,4.0,32.0
12024041,1,PHY101,Physics,C,6.0,4.0,24.0
12024041,1,EE101,Basic Electrical,O,10.0,4.0,40.0
12024041,1,ENG101,English,E,9.0,4.0,36.0
12024041,2,BSM301,Mathematics-III,A,8.0,4.0,32.0
12024041,2,CS201,Data Structures,C,6.0,4.0,24.0
12024041,2,CS202,Digital Logic,E,9.0,4.0,36.0
12024041,2,ME201,Engineering Mechanics,O,10.0,4.0,40.0
12024041,2,HS201,Economics,C,6.0,4.0,24.0
12024041,3,CS301,OOP with Java,E,9.0,4.0,36.0
12024041,3,CS302,DBMS,B,7.0,4.0,28.0
12024041,3,CS303,Computer Networks,E,9.0,4.0,36.0
12024041,3,BSM302,Mathematics-IV,E,9.0,4.0,36.0
12024041,3,CS304,OS Basics,E,9.0,4.0,36.0
12024041,4,CS401,Algorithms,E,9.0,4.0,36.0
12024041,4,CS402,Software Engineering,E,9.0,4.0,36.0
12024041,4,CS403,Theory of Computation,C,6.0,4.0,24.0
12024041,4,CS404,Microprocessors,O,10.0,4.0,40.0
12024041,4,CS405,Web Development,O,10.0,4.0,40.0
12024042,1,BSM101,Mathematics-I,C,6.0,4.0,24.0
12024042,1,CS101,Programming Basics,E,9.0,4.0,36.0
12024042,1,PHY101,Physics,A,8.0,4.0,32.0
12024042,1,EE101,Basic Electrical,E,9.0,4.0,36.0
12024042,1,ENG101,English,A,8.0,4.0,32.0
12024042,2,BSM301,Mathematics-III,E,9.0,4.0,36.0
12024042,2,CS201,Data Structures,E,9.0,4.0,36.0
12024042,2,CS202,Digital Logic,O,10.0,4.0,40.0
12024042,2,ME201,Engineering Mechanics,C,6.0,4.0,24.0
12024042,2,HS201,Economics,A,8.0,4.0,32.0
12024042,3,CS301,OOP with Java,C,6.0,4.0,24.0
12024042,3,CS302,DBMS,C,6.0,4.0,24.0
12024042,3,CS303,Computer Networks,O,10.0,4.0,40.0
12024042,3,BSM302,Mathematics-IV,E,9.0,4.0,36.0
12024042,3,CS304,OS Basics,O,10.0,4.0,40.0
12024042,4,CS401,Algorithms,B,7.0,4.0,28.0
12024042,4,CS402,Software Engineering,O,10.0,4.0,40.0
12024042,4,CS403,Theory of Computation,B,7.0,4.0,28.0
12024042,4,CS404,Microprocessors,A,8.0,4.0,32.0
12024042,4,CS405,Web Development,A,8.0,4.0,32.0
12024043,1,BSM101,Mathematics-I,E,9.0,4.0,36.0
12024043,1,CS101,Programming Basics,A,8.0,4.0,32.0
12024043,1,PHY101,Physics,A,8.0,4.0,32.0
12024043,1,EE101,Basic Electrical,E,9.0,4.0,36.0
12024043,1,ENG101,English,E,9.0,4.0,36.0
12024043,2,BSM301,Mathematics-III,C,6.0,4.0,24.0
12024043,2,CS201,Data Structures,O,10.0,4.0,40.0
12024043,2,CS202,Digital Logic,O,10.0,4.0,40.0
12024043,2,ME201,Engineering Mechanics,E,9.0,4.0,36.0
12024043,2,HS201,Economics,C,6.0,4.0,24.0
12024043,3,CS301,OOP with Java,O,10.0,4.0,40.0
12024043,3,CS302,DBMS,B,7.0,4.0,28.0
12024043,3,CS303,Computer Networks,O,10.0,4.0,40.0
12024043,3,BSM302,Mathematics-IV,C,6.0,4.0,24.0
12024043,3,CS304,OS Basics,C,6.0,4.0,24.0
12024043,4,CS401,Algorithms,C,6.0,4.0,24.0
12024043,4,CS402,Software Engineering,B,7.0,4.0,28.0
12024043,4,CS403,Theory of Computation,A,8.0,4.0,32.0
12024043,4,CS404,Microprocessors,E,9.0,4.0,36.0
12024043,4,CS405,Web Development,C,6.0,4.0,24.0
12024044,1,BSM101,Mathematics-I,O,10.0,4.0,40.0
12024044,1,CS101,Programming Basics,C,6.0,4.0,24.0
12024044,1,PHY101,Physics,B,7.0,4.0,28.0
12024044,1,EE101,Basic Electrical,E,9.0,4.0,36.0
12024044,1,ENG101,English,C,6.0,4.0,24.0
12024044,2,BSM301,Mathematics-III,E,9.0,4.0,36.0
12024044,2,CS201,Data Structures,A,8.0,4.0,32.0
12024044,2,CS202,Digital Logic,E,9.0,4.0,36.0
12024044,2,ME201,Engineering Mechanics,A,8.0,4.0,32.0
12024044,2,HS201,Economics,E,9.0,4.0,36.0
12024044,3,CS301,OOP with Java,C,6.0,4.0,24.0
12024044,3,CS302,DBMS,C,6.0,4.0,24.0
12024044,3,CS303,Computer Networks,B,7.0,4.0,28.0
12024044,3,BSM302,Mathematics-IV,E,9.0,4.0,36.0
12024044,3,CS304,OS Basics,A,8.0,4.0,32.0
12024044,4,CS401,Algorithms,E,9.0,4.0,36.0
12024044,4,CS402,Software Engineering,O,10.0,4.0,40.0
12024044,4,CS403,Theory of Computation,A,8.0,4.0,32.0
12024044,4,CS404,Microprocessors,O,10.0,4.0,40.0
12024044,4,CS405,Web Development,A,8.0,4.0,32.0
12024045,1,BSM101,Mathematics-I,E,9.0,4.0,36.0
12024045,1,CS101,Programming Basics,O,10.0,4.0,40.0
12024045,1,PHY101,Physics,B,7.0,4.0,28.0
12024045,1,EE101,Basic Electrical,E,9.0,4.0,36.0
12024045,1,ENG101,English,O,10.0,4.0,40.0
12024045,2,BSM301,Mathematics-III,C,6.0,4.0,24.0
12024045,2,CS201,Data Structures,B,7.0,4.0,28.0
12024045,2,CS202,Digital Logic,O,10.0,4.0,40.0
12024045,2,ME201,Engineering Mechanics,C,6.0,4.0,24.0
12024045,2,HS201,Economics,O,10.0,4.0,40.0
12024045,3,CS301,OOP with Java,O,10.0,4.0,40.0
12024045,3,CS302,DBMS,A,8.0,4.0,32.0
12024045,3,CS303,Computer Networks,A,8.0,4.0,32.0
12024045,3,BSM302,Mathematics-IV,C,6.0,4.0,24.0
12024045,3,CS304,OS Basics,B,7.0,4.0,28.0
12024045,4,CS401,Algorithms,C,6.0,4.0,24.0
12024045,4,CS402,Software Engineering,E,9.0,4.0,36.0
12024045,4,CS403,Theory of Computation,O,10.0,4.0,40.0
12024045,4,CS404,Microprocessors,O,10.0,4.0,40.0
12024045,4,CS405,Web Development,E,9.0,4.0,36.0
12024046,1,BSM101,Mathematics-I,C,6.0,4.0,24.0
12024046,1,CS101,Programming Basics,O,10.0,4.0,40.0
12024046,1,PHY101,Physics,B,7.0,4.0,28.0
12024046,1,EE101,Basic Electrical,C,6.0,4.0,24.0
12024046,1,ENG101,English,C,6.0,4.0,24.0
12024046,2,BSM301,Mathematics-III,C,6.0,4.0,24.0
12024046,2,CS201,Data Structures,A,8.0,4.0,32.0
12024046,2,CS202,Digital Logic,B,7.0,4.0,28.0
12024046,2,ME201,Engineering Mechanics,O,10.0,4.0,40.0
12024046,2,HS201,Economics,E,9.0,4.0,36.0
12024046,3,CS301,OOP with Java,A,8.0,4.0,32.0
12024046,3,CS302,DBMS,E,9.0,4.0,36.0
12024046,3,CS303,Computer Networks,C,6.0,4.0,24.0
12024046,3,BSM302,Mathematics-IV,O,10.0,4.0,40.0
12024046,3,CS304,OS Basics,A,8.0,4.0,32.0
12024046,4,CS401,Algorithms,O,10.0,4.0,40.0
12024046,4,CS402,Software Engineering,B,7.0,4.0,28.0
12024046,4,CS403,Theory of Computation,O,10.0,4.0,40.0
12024046,4,CS404,Microprocessors,A,8.0,4.0,32.0
12024046,4,CS405,Web Development,E,9.0,4.0,36.0
12024047,1,BSM101,Mathematics-I,A,8.0,4.0,32.0
12024047,1,CS101,Programming Basics,E,9.0,4.0,36.0
12024047,1,PHY101,Physics,O,10.0,4.0,40.0
12024047,1,EE101,Basic Electrical,A,8.0,4.0,32.0
12024047,1,ENG101,English,A,8.0,4.0,32.0
12024047,2,BSM301,Mathematics-III,B,7.0,4.0,28.0
12024047,2,CS201,Data Structures,B,7.0,4.0,28.0
12024047,2,CS202,Digital Logic,B,7.0,4.0,28.0
12024047,2,ME201,Engineering Mechanics,E,9.0,4.0,36.0
12024047,2,HS201,Economics,C,6.0,4.0,24.0
12024047,3,CS301,OOP with Java,O,10.0,4.0,40.0
12024047,3,CS302,DBMS,O,10.0,4.0,40.0
12024047,3,CS303,Computer Networks,C,6.0,4.0,24.0
12024047,3,BSM302,Mathematics-IV,A,8.0,4.0,32.0
12024047,3,CS304,OS Basics,O,10.0,4.0,40.0
12024047,4,CS401,Algorithms,O,10.0,4.0,40.0
12024047,4,CS402,Software Engineering,O,10.0,4.0,40.0
12024047,4,CS403,Theory of Computation,B,7.0,4.0,28.0
12024047,4,CS404,Microprocessors,C,6.0,4.0,24.0
12024047,4,CS405,Web Development,B,7.0,4.0,28.0
12024048,1,BSM101,Mathematics-I,O,10.0,4.0,40.0
12024048,1,CS101,Programming Basics,B,7.0,4.0,28.0
12024048,1,PHY101,Physics,B,7.0,4.0,28.0
12024048,1,EE101,Basic Electrical,B,7.0,4.0,28.0
12024048,1,ENG101,English,B,7.0,4.0,28.0
12024048,2,BSM301,Mathematics-III,E,9.0,4.0,36.0
12024048,2,CS201,Data Structures,C,6.0,4.0,24.0
12024048,2,CS202,Digital Logic,B,7.0,4.0,28.0
12024048,2,ME201,Engineering Mechanics,C,6.0,4.0,24.0
12024048,2,HS201,Economics,E,9.0,4.0,36.0
12024048,3,CS301,OOP with Java,C,6.0,4.0,24.0
12024048,3,CS302,DBMS,A,8.0,4.0,32.0
12024048,3,CS303,Computer Networks,B,7.0,4.0,28.0
12024048,3,BSM302,Mathematics-IV,B,7.0,4.0,28.0
12024048,3,CS304,OS Basics,B,7.0,4.0,28.0
12024048,4,CS401,Algorithms,A,8.0,4.0,32.0
12024048,4,CS402,Software Engineering,O,10.0,4.0,40.0
12024048,4,CS403,Theory of Computation,B,7.0,4.0,28.0
12024048,4,CS404,Microprocessors,O,10.0,4.0,40.0
12024048,4,CS405,Web Development,C,6.0,4.0,24.0
12024049,1,BSM101,Mathematics-I,E,9.0,4.0,36.0
12024049,1,CS101,Programming Basics,O,10.0,4.0,40.0
12024049,1,PHY101,Physics,C,6.0,4.0,24.0
12024049,1,EE101,Basic Electrical,E,9.0,4.0,36.0
12024049,1,ENG101,English,O,10.0,4.0,40.0
12024049,2,BSM301,Mathematics-III,A,8.0,4.0,32.0
12024049,2,CS201,Data Structures,O,10.0,4.0,40.0
12024049,2,CS202,Digital Logic,O,10.0,4.0,40.0
12024049,2,ME201,Engineering Mechanics,C,6.0,4.0,24.0
12024049,2,HS201,Economics,O,10.0,4.0,40.0
12024049,3,CS301,OOP with Java,C,6.0,4.0,24.0
12024049,3,CS302,DBMS,B,7.0,4.0,28.0
12024049,3,CS303,Computer Networks,O,10.0,4.0,40.0
12024049,3,BSM302,Mathematics-IV,B,7.0,4.0,28.0
12024049,3,CS304,OS Basics,A,8.0,4.0,32.0
12024049,4,CS401,Algorithms,O,10.0,4.0,40.0
12024049,4,CS402,Software Engineering,E,9.0,4.0,36.0
12024049,4,CS403,Theory of Computation,B,7.0,4.0,28.0
12024049,4,CS404,Microprocessors,C,6.0,4.0,24.0
12024049,4,CS405,Web Development,O,10.0,4.0,40.0
12024050,1,BSM101,Mathematics-I,C,6.0,4.0,24.0
12024050,1,CS101,Programming Basics,C,6.0,4.0,24.0
12024050,1,PHY101,Physics,O,10.0,4.0,40.0
12024050,1,EE101,Basic Electrical,O,10.0,4.0,40.0
12024050,1,ENG101,English,B,7.0,4.0,28.0
12024050,2,BSM301,Mathematics-III,E,9.0,4.0,36.0
12024050,2,CS201,Data Structures,B,7.0,4.0,28.0
12024050,2,CS202,Digital Logic,A,8.0,4.0,32.0
12024050,2,ME201,Engineering Mechanics,O,10.0,4.0,40.0
12024050,2,HS201,Economics,E,9.0,4.0,36.0
12024050,3,CS301,OOP with Java,C,6.0,4.0,24.0
12024050,3,CS302,DBMS,C,6.0,4.0,24.0
12024050,3,CS303,Computer Networks,E,9.0,4.0,36.0
12024050,3,BSM302,Mathematics-IV,E,9.0,4.0,36.0
12024050,3,CS304,OS Basics,E,9.0,4.0,36.0
12024050,4,CS401,Algorithms,O,10.0,4.0,40.0
12024050,4,CS402,Software Engineering,A,8.0,4.0,32.0
12024050,4,CS403,Theory of Computation,E,9.0,4.0,36.0
12024050,4,CS404,Microprocessors,C,6.0,4.0,24.0
12024050,4,CS405,Web Development,O,10.0,4.0,40.0
12024051,1,BSM101,Mathematics-I,A,8.0,4.0,32.0
12024051,1,CS101,Programming Basics,C,6.0,4.0,24.0
12024051,1,PHY101,Physics,B,7.0,4.0,28.0
12024051,1,EE101,Basic Electrical,B,7.0,4.0,28.0
12024051,1,ENG101,English,C,6.0,4.0,24.0
12024051,2,BSM301,Mathematics-III,A,8.0,4.0,32.0
12024051,2,CS201,Data Structures,B,7.0,4.0,28.0
12024051,2,CS202,Digital Logic,O,10.0,4.0,40.0
12024051,2,ME201,Engineering Mechanics,E,9.0,4.0,36.0
12024051,2,HS201,Economics,O,10.0,4.0,40.0
12024051,3,CS301,OOP with Java,B,7.0,4.0,28.0
12024051,3,CS302,DBMS,B,7.0,4.0,28.0
12024051,3,CS303,Computer Networks,B,7.0,4.0,28.0
12024051,3,BSM302,Mathematics-IV,E,9.0,4.0,36.0
12024051,3,CS304,OS Basics,C,6.0,4.0,24.0
12024051,4,CS401,Algorithms,E,9.0,4.0,36.0
12024051,4,CS402,Software Engineering,O,10.0,4.0,40.0
12024051,4,CS403,Theory of Computation,E,9.0,4.0,36.0
12024051,4,CS404,Microprocessors,A,8.0,4.0,32.0
12024051,4,CS405,Web Development,O,10.0,4.0,40.0
12024052,1,BSM101,Mathematics-I,C,6.0,4.0,24.0
12024052,1,CS101,Programming Basics,C,6.0,4.0,24.0
12024052,1,PHY101,Physics,A,8.0,4.0,32.0
12024052,1,EE101,Basic Electrical,B,7.0,4.0,28.0
12024052,1,ENG101,English,C,6.0,4.0,24.0
12024052,2,BSM301,Mathematics-III,E,9.0,4.0,36.0
12024052,2,CS201,Data Structures,A,8.0,4.0,32.0
12024052,2,CS202,Digital Logic,C,6.0,4.0,24.0
12024052,2,ME201,Engineering Mechanics,C,6.0,4.0,24.0
12024052,2,HS201,Economics,B,7.0,4.0,28.0
12024052,3,CS301,OOP with Java,A,8.0,4.0,32.0
12024052,3,CS302,DBMS,A,8.0,4.0,32.0
12024052,3,CS303,Computer Networks,B,7.0,4.0,28.0
12024052,3,BSM302,Mathematics-IV,C,6.0,4.0,24.0
12024052,3,CS304,OS Basics,B,7.0,4.0,28.0
12024052,4,CS401,Algorithms,E,9.0,4.0,36.0
12024052,4,CS402,Software Engineering,O,10.0,4.0,40.0
12024052,4,CS403,Theory of Computation,A,8.0,4.0,32.0
12024052,4,CS404,Microprocessors,B,7.0,4.0,28.0
12024052,4,CS405,Web Development,A,8.0,4.0,32.0
12024053,1,BSM101,Mathematics-I,B,7.0,4.0,28.0
12024053,1,CS101,Programming Basics,B,7.0,4.0,28.0
12024053,1,PHY101,Physics,O,10.0,4.0,40.0
12024053,1,EE101,Basic Electrical,O,10.0,4.0,40.0
12024053,1,ENG101,English,B,7.0,4.0,28.0
12024053,2,BSM301,Mathematics-III,B,7.0,4.0,28.0
12024053,2,CS201,Data Structures,B,7.0,4.0,28.0
12024053,2,CS202,Digital Logic,C,6.0,4.0,24.0
12024053,2,ME201,Engineering Mechanics,A,8.0,4.0,32.0
12024053,2,HS201,Economics,A,8.0,4.0,32.0
12024053,3,CS301,OOP with Java,O,10.0,4.0,40.0
12024053,3,CS302,DBMS,E,9.0,4.0,36.0
12024053,3,CS303,Computer Networks,E,9.0,4.0,36.0
12024053,3,BSM302,Mathematics-IV,A,8.0,4.0,32.0
12024053,3,CS304,OS Basics,E,9.0,4.0,36.0
12024053,4,CS401,Algorithms,C,6.0,4.0,24.0
12024053,4,CS402,Software Engineering,O,10.0,4.0,40.0
12024053,4,CS403,Theory of Computation,C,6.0,4.0,24.0
12024053,4,CS404,Microprocessors,O,10.0,4.0,40.0
12024053,4,CS405,Web Development,E,9.0,4.0,36.0
12024054,1,BSM101,Mathematics-I,B,7.0,4.0,28.0
12024054,1,CS101,Programming Basics,O,10.0,4.0,40.0
12024054,1,PHY101,Physics,C,6.0,4.0,24.0
12024054,1,EE101,Basic Electrical,E,9.0,4.0,36.0
12024054,1,ENG101,English,O,10.0,4.0,40.0
12024054,2,BSM301,Mathematics-III,B,7.0,4.0,28.0
12024054,2,CS201,Data Structures,O,10.0,4.0,40.0
12024054,2,CS202,Digital Logic,B,7.0,4.0,28.0
12024054,2,ME201,Engineering Mechanics,O,10.0,4.0,40.0
12024054,2,HS201,Economics,A,8.0,4.0,32.0
12024054,3,CS301,OOP with Java,A,8.0,4.0,32.0
12024054,3,CS302,DBMS,E,9.0,4.0,36.0
12024054,3,CS303,Computer Networks,B,7.0,4.0,28.0
12024054,3,BSM302,Mathematics-IV,A,8.0,4.0,32.0
12024054,3,CS304,OS Basics,O,10.0,4.0,40.0
12024054,4,CS401,Algorithms,B,7.0,4.0,28.0
12024054,4,CS402,Software Engineering,O,10.0,4.0,40.0
12024054,4,CS403,Theory of Computation,B,7.0,4.0,28.0
12024054,4,CS404,Microprocessors,C,6.0,4.0,24.0
12024054,4,CS405,Web Development,O,10.0,4.0,40.0
12024055,1,BSM101,Mathematics-I,E,9.0,4.0,36.0
12024055,1,CS101,Programming Basics,C,6.0,4.0,24.0
12024055,1,PHY101,Physics,O,10.0,4.0,40.0
12024055,1,EE101,Basic Electrical,B,7.0,4.0,28.0
12024055,1,ENG101,English,O,10.0,4.0,40.0
12024055,2,BSM301,Mathematics-III,O,10.0,4.0,40.0
12024055,2,CS201,Data Structures,E,9.0,4.0,36.0
12024055,2,CS202,Digital Logic,C,6.0,4.0,24.0
12024055,2,ME201,Engineering Mechanics,O,10.0,4.0,40.0
12024055,2,HS201,Economics,E,9.0,4.0,36.0
12024055,3,CS301,OOP with Java,A,8.0,4.0,32.0
12024055,3,CS302,DBMS,A,8.0,4.0,32.0
12024055,3,CS303,Computer Networks,C,6.0,4.0,24.0
12024055,3,BSM302,Mathematics-IV,C,6.0,4.0,24.0
12024055,3,CS304,OS Basics,O,10.0,4.0,40.0
12024055,4,CS401,Algorithms,B,7.0,4.0,28.0
12024055,4,CS402,Software Engineering,E,9.0,4.0,36.0
12024055,4,CS403,Theory of Computation,C,6.0,4.0,24.0
12024055,4,CS404,Microprocessors,C,6.0,4.0,24.0
12024055,4,CS405,Web Development,B,7.0,4.0,28.0
12024056,1,BSM101,Mathematics-I,C,6.0,4.0,24.0
12024056,1,CS101,Programming Basics,E,9.0,4.0,36.0
12024056,1,PHY101,Physics,O,10.0,4.0,40.0
12024056,1,EE101,Basic Electrical,C,6.0,4.0,24.0
12024056,1,ENG101,English,B,7.0,4.0,28.0
12024056,2,BSM301,Mathematics-III,O,10.0,4.0,40.0
12024056,2,CS201,Data Structures,C,6.0,4.0,24.0
12024056,2,CS202,Digital Logic,O,10.0,4.0,40.0
12024056,2,ME201,Engineering Mechanics,O,10.0,4.0,40.0
12024056,2,HS201,Economics,A,8.0,4.0,32.0
12024056,3,CS301,OOP with Java,C,6.0,4.0,24.0
12024056,3,CS302,DBMS,B,7.0,4.0,28.0
12024056,3,CS303,Computer Networks,E,9.0,4.0,36.0
12024056,3,BSM302,Mathematics-IV,E,9.0,4.0,36.0
12024056,3,CS304,OS Basics,O,10.0,4.0,40.0
12024056,4,CS401,Algorithms,C,6.0,4.0,24.0
12024056,4,CS402,Software Engineering,C,6.0,4.0,24.0
12024056,4,CS403,Theory of Computation,C,6.0,4.0,24.0
12024056,4,CS404,Microprocessors,B,7.0,4.0,28.0
12024056,4,CS405,Web Development,E,9.0,4.0,36.0
12024057,1,BSM101,Mathematics-I,B,7.0,4.0,28.0
12024057,1,CS101,Programming Basics,O,10.0,4.0,40.0
12024057,1,PHY101,Physics,E,9.0,4.0,36.0
12024057,1,EE101,Basic Electrical,O,10.0,4.0,40.0
12024057,1,ENG101,English,B,7.0,4.0,28.0
12024057,2,BSM301,Mathematics-III,E,9.0,4.0,36.0
12024057,2,CS201,Data Structures,E,9.0,4.0,36.0
12024057,2,CS202,Digital Logic,B,7.0,4.0,28.0
12024057,2,ME201,Engineering Mechanics,E,9.0,4.0,36.0
12024057,2,HS201,Economics,O,10.0,4.0,40.0
12024057,3,CS301,OOP with Java,O,10.0,4.0,40.0
12024057,3,CS302,DBMS,A,8.0,4.0,32.0
12024057,3,CS303,Computer Networks,A,8.0,4.0,32.0
12024057,3,BSM302,Mathematics-IV,O,10.0,4.0,40.0
12024057,3,CS304,OS Basics,A,8.0,4.0,32.0
12024057,4,CS401,Algorithms,E,9.0,4.0,36.0
12024057,4,CS402,Software Engineering,C,6.0,4.0,24.0
12024057,4,CS403,Theory of Computation,B,7.0,4.0,28.0
12024057,4,CS404,Microprocessors,B,7.0,4.0,28.0
12024057,4,CS405,Web Development,A,8.0,4.0,32.0
12024058,1,BSM101,Mathematics-I,B,7.0,4.0,28.0
12024058,1,CS101,Programming Basics,O,10.0,4.0,40.0
12024058,1,PHY101,Physics,B,7.0,4.0,28.0
12024058,1,EE101,Basic Electrical,C,6.0,4.0,24.0
12024058,1,ENG101,English,A,8.0,4.0,32.0
12024058,2,BSM301,Mathematics-III,C,6.0,4.0,24.0
12024058,2,CS201,Data Structures,O,10.0,4.0,40.0
12024058,2,CS202,Digital Logic,B,7.0,4.0,28.0
12024058,2,ME201,Engineering Mechanics,A,8.0,4.0,32.0
12024058,2,HS201,Economics,E,9.0,4.0,36.0
12024058,3,CS301,OOP with Java,B,7.0,4.0,28.0
12024058,3,CS302,DBMS,A,8.0,4.0,32.0
12024058,3,CS303,Computer Networks,A,8.0,4.0,32.0
12024058,3,BSM302,Mathematics-IV,C,6.0,4.0,24.0
12024058,3,CS304,OS Basics,A,8.0,4.0,32.0
12024058,4,CS401,Algorithms,C,6.0,4.0,24.0
12024058,4,CS402,Software Engineering,C,6.0,4.0,24.0
12024058,4,CS403,Theory of Computation,E,9.0,4.0,36.0
12024058,4,CS404,Microprocessors,C,6.0,4.0,24.0
12024058,4,CS405,Web Development,O,10.0,4.0,40.0
12024059,1,BSM101,Mathematics-I,E,9.0,4.0,36.0
12024059,1,CS101,Programming Basics,B,7.0,4.0,28.0
12024059,1,PHY101,Physics,A,8.0,4.0,32.0
12024059,1,EE101,Basic Electrical,B,7.0,4.0,28.0
12024059,1,ENG101,English,A,8.0,4.0,32.0
12024059,2,BSM301,Mathematics-III,A,8.0,4.0,32.0
12024059,2,CS201,Data Structures,B,7.0,4.0,28.0
12024059,2,CS202,Digital Logic,C,6.0,4.0,24.0
12024059,2,ME201,Engineering Mechanics,B,7.0,4.0,28.0
12024059,2,HS201,Economics,A,8.0,4.0,32.0
12024059,3,CS301,OOP with Java,O,10.0,4.0,40.0
12024059,3,CS302,DBMS,A,8.0,4.0,32.0
12024059,3,CS303,Computer Networks,A,8.0,4.0,32.0
12024059,3,BSM302,Mathematics-IV,B,7.0,4.0,28.0
12024059,3,CS304,OS Basics,O,10.0,4.0,40.0
12024059,4,CS401,Algorithms,A,8.0,4.0,32.0
12024059,4,CS402,Software Engineering,A,8.0,4.0,32.0
12024059,4,CS403,Theory of Computation,A,8.0,4.0,32.0
12024059,4,CS404,Microprocessors,C,6.0,4.0,24.0
12024059,4,CS405,Web Development,E,9.0,4.0,36.0
12024060,1,BSM101,Mathematics-I,E,9.0,4.0,36.0
12024060,1,CS101,Programming Basics,A,8.0,4.0,32.0
12024060,1,PHY101,Physics,A,8.0,4.0,32.0
12024060,1,EE101,Basic Electrical,B,7.0,4.0,28.0
12024060,1,ENG101,English,B,7.0,4.0,28.0
12024060,2,BSM301,Mathematics-III,O,10.0,4.0,40.0
12024060,2,CS201,Data Structures,B,7.0,4.0,28.0
12024060,2,CS202,Digital Logic,A,8.0,4.0,32.0
12024060,2,ME201,Engineering Mechanics,B,7.0,4.0,28.0
12024060,2,HS201,Economics,C,6.0,4.0,24.0
12024060,3,CS301,OOP with Java,B,7.0,4.0,28.0
12024060,3,CS302,DBMS,A,8.0,4.0,32.0
12024060,3,CS303,Computer Networks,O,10.0,4.0,40.0
12024060,3,BSM302,Mathematics-IV,A,8.0,4.0,32.0
12024060,3,CS304,OS Basics,E,9.0,4.0,36.0
12024060,4,CS401,Algorithms,O,10.0,4.0,40.0
12024060,4,CS402,Software Engineering,C,6.0,4.0,24.0
12024060,4,CS403,Theory of Computation,B,7.0,4.0,28.0
12024060,4,CS404,Microprocessors,B,7.0,4.0,28.0
12024060,4,CS405,Web Development,A,8.0,4.0,32.0
12024061,1,BSM101,Mathematics-I,C,6.0,4.0,24.0
12024061,1,CS101,Programming Basics,B,7.0,4.0,28.0
12024061,1,PHY101,Physics,C,6.0,4.0,24.0
12024061,1,EE101,Basic Electrical,A,8.0,4.0,32.0
12024061,1,ENG101,English,O,10.0,4.0,40.0
12024061,2,BSM301,Mathematics-III,C,6.0,4.0,24.0
12024061,2,CS201,Data Structures,O,10.0,4.0,40.0
12024061,2,CS202,Digital Logic,O,10.0,4.0,40.0
12024061,2,ME201,Engineering Mechanics,O,10.0,4.0,40.0
12024061,2,HS201,Economics,O,10.0,4.0,40.0
12024061,3,CS301,OOP with Java,A,8.0,4.0,32.0
12024061,3,CS302,DBMS,B,7.0,4.0,28.0
12024061,3,CS303,Computer Networks,O,10.0,4.0,40.0
12024061,3,BSM302,Mathematics-IV,E,9.0,4.0,36.0
12024061,3,CS304,OS Basics,O,10.0,4.0,40.0
12024061,4,CS401,Algorithms,O,10.0,4.0,40.0
12024061,4,CS402,Software Engineering,O,10.0,4.0,40.0
12024061,4,CS403,Theory of Computation,E,9.0,4.0,36.0
12024061,4,CS404,Microprocessors,A,8.0,4.0,32.0
12024061,4,CS405,Web Development,A,8.0,4.0,32.0
12024062,1,BSM101,Mathematics-I,C,6.0,4.0,24.0
12024062,1,CS101,Programming Basics,C,6.0,4.0,24.0
12024062,1,PHY101,Physics,O,10.0,4.0,40.0
12024062,1,EE101,Basic Electrical,O,10.0,4.0,40.0
12024062,1,ENG101,English,C,6.0,4.0,24.0
12024062,2,BSM301,Mathematics-III,E,9.0,4.0,36.0
12024062,2,CS201,Data Structures,B,7.0,4.0,28.0
12024062,2,CS202,Digital Logic,C,6.0,4.0,24.0
12024062,2,ME201,Engineering Mechanics,A,8.0,4.0,32.0
12024062,2,HS201,Economics,E,9.0,4.0,36.0
12024062,3,CS301,OOP with Java,C,6.0,4.0,24.0
12024062,3,CS302,DBMS,A,8.0,4.0,32.0
12024062,3,CS303,Computer Networks,E,9.0,4.0,36.0
12024062,3,BSM302,Mathematics-IV,B,7.0,4.0,28.0
12024062,3,CS304,OS Basics,B,7.0,4.0,28.0
12024062,4,CS401,Algorithms,A,8.0,4.0,32.0
12024062,4,CS402,Software Engineering,A,8.0,4.0,32.0
12024062,4,CS403,Theory of Computation,O,10.0,4.0,40.0
12024062,4,CS404,Microprocessors,O,10.0,4.0,40.0
12024062,4,CS405,Web Development,B,7.0,4.0,28.0
12024063,1,BSM101,Mathematics-I,E,9.0,4.0,36.0
12024063,1,CS101,Programming Basics,B,7.0,4.0,28.0
12024063,1,PHY101,Physics,E,9.0,4.0,36.0
12024063,1,EE101,Basic Electrical,A,8.0,4.0,32.0
12024063,1,ENG101,English,C,6.0,4.0,24.0
12024063,2,BSM301,Mathematics-III,B,7.0,4.0,28.0
12024063,2,CS201,Data Structures,B,7.0,4.0,28.0
12024063,2,CS202,Digital Logic,E,9.0,4.0,36.0
12024063,2,ME201,Engineering Mechanics,O,10.0,4.0,40.0
12024063,2,HS201,Economics,E,9.0,4.0,36.0
12024063,3,CS301,OOP with Java,B,7.0,4.0,28.0
12024063,3,CS302,DBMS,B,7.0,4.0,28.0
12024063,3,CS303,Computer Networks,O,10.0,4.0,40.0
12024063,3,BSM302,Mathematics-IV,B,7.0,4.0,28.0
12024063,3,CS304,OS Basics,B,7.0,4.0,28.0
12024063,4,CS401,Algorithms,E,9.0,4.0,36.0
12024063,4,CS402,Software Engineering,A,8.0,4.0,32.0
12024063,4,CS403,Theory of Computation,A,8.0,4.0,32.0
12024063,4,CS404,Microprocessors,C,6.0,4.0,24.0
12024063,4,CS405,Web Development,B,7.0,4.0,28.0
12024064,1,BSM101,Mathematics-I,B,7.0,4.0,28.0
12024064,1,CS101,Programming Basics,O,10.0,4.0,40.0
12024064,1,PHY101,Physics,O,10.0,4.0,40.0
12024064,1,EE101,Basic Electrical,E,9.0,4.0,36.0
12024064,1,ENG101,English,C,6.0,4.0,24.0
12024064,2,BSM301,Mathematics-III,C,6.0,4.0,24.0
12024064,2,CS201,Data Structures,C,6.0,4.0,24.0
12024064,2,CS202,Digital Logic,B,7.0,4.0,28.0
12024064,2,ME201,Engineering Mechanics,A,8.0,4.0,32.0
12024064,2,HS201,Economics,E,9.0,4.0,36.0
12024064,3,CS301,OOP with Java,C,6.0,4.0,24.0
12024064,3,CS302,DBMS,B,7.0,4.0,28.0
12024064,3,CS303,Computer Networks,C,6.0,4.0,24.0
12024064,3,BSM302,Mathematics-IV,O,10.0,4.0,40.0
12024064,3,CS304,OS Basics,C,6.0,4.0,24.0
12024064,4,CS401,Algorithms,B,7.0,4.0,28.0
12024064,4,CS402,Software Engineering,B,7.0,4.0,28.0
12024064,4,CS403,Theory of Computation,B,7.0,4.0,28.0
12024064,4,CS404,Microprocessors,A,8.0,4.0,32.0
12024064,4,CS405,Web Development,B,7.0,4.0,28.0
12024065,1,BSM101,Mathematics-I,B,7.0,4.0,28.0
12024065,1,CS101,Programming Basics,E,9.0,4.0,36.0
12024065,1,PHY101,Physics,O,10.0,4.0,40.0
12024065,1,EE101,Basic Electrical,B,7.0,4.0,28.0
12024065,1,ENG101,English,B,7.0,4.0,28.0
12024065,2,BSM301,Mathematics-III,O,10.0,4.0,40.0
12024065,2,CS201,Data Structures,O,10.0,4.0,40.0
12024065,2,CS202,Digital Logic,O,10.0,4.0,40.0
12024065,2,ME201,Engineering Mechanics,B,7.0,4.0,28.0
12024065,2,HS201,Economics,E,9.0,4.0,36.0
12024065,3,CS301,OOP with Java,B,7.0,4.0,28.0
12024065,3,CS302,DBMS,B,7.0,4.0,28.0
12024065,3,CS303,Computer Networks,E,9.0,4.0,36.0
12024065,3,BSM302,Mathematics-IV,O,10.0,4.0,40.0
12024065,3,CS304,OS Basics,C,6.0,4.0,24.0
12024065,4,CS401,Algorithms,B,7.0,4.0,28.0
12024065,4,CS402,Software Engineering,O,10.0,4.0,40.0
12024065,4,CS403,Theory of Computation,C,6.0,4.0,24.0
12024065,4,CS404,Microprocessors,B,7.0,4.0,28.0
12024065,4,CS405,Web Development,B,7.0,4.0,28.0
12024066,1,BSM101,Mathematics-I,E,9.0,4.0,36.0
12024066,1,CS101,Programming Basics,E,9.0,4.0,36.0
12024066,1,PHY101,Physics,B,7.0,4.0,28.0
12024066,1,EE101,Basic Electrical,A,8.0,4.0,32.0
12024066,1,ENG101,English,C,6.0,4.0,24.0
12024066,2,BSM301,Mathematics-III,O,10.0,4.0,40.0
12024066,2,CS201,Data Structures,O,10.0,4.0,40.0
12024066,2,CS202,Digital Logic,C,6.0,4.0,24.0
12024066,2,ME201,Engineering Mechanics,A,8.0,4.0,32.0
12024066,2,HS201,Economics,A,8.0,4.0,32.0
12024066,3,CS301,OOP with Java,A,8.0,4.0,32.0
12024066,3,CS302,DBMS,A,8.0,4.0,32.0
12024066,3,CS303,Computer Networks,A,8.0,4.0,32.0
12024066,3,BSM302,Mathematics-IV,A,8.0,4.0,32.0
12024066,3,CS304,OS Basics,C,6.0,4.0,24.0
12024066,4,CS401,Algorithms,A,8.0,4.0,32.0
12024066,4,CS402,Software Engineering,A,8.0,4.0,32.0
12024066,4,CS403,Theory of Computation,E,9.0,4.0,36.0
12024066,4,CS404,Microprocessors,A,8.0,4.0,32.0
12024066,4,CS405,Web Development,C,6.0,4.0,24.0
12024067,1,BSM101,Mathematics-I,B,7.0,4.0,28.0
12024067,1,CS101,Programming Basics,C,6.0,4.0,24.0
12024067,1,PHY101,Physics,O,10.0,4.0,40.0
12024067,1,EE101,Basic Electrical,E,9.0,4.0,36.0
12024067,1,ENG101,English,B,7.0,4.0,28.0
12024067,2,BSM301,Mathematics-III,E,9.0,4.0,36.0
12024067,2,CS201,Data Structures,O,10.0,4.0,40.0
12024067,2,CS202,Digital Logic,A,8.0,4.0,32.0
12024067,2,ME201,Engineering Mechanics,E,9.0,4.0,36.0
12024067,2,HS201,Economics,E,9.0,4.0,36.0
12024067,3,CS301,OOP with Java,A,8.0,4.0,32.0
12024067,3,CS302,DBMS,E,9.0,4.0,36.0
12024067,3,CS303,Computer Networks,C,6.0,4.0,24.0
12024067,3,BSM302,Mathematics-IV,O,10.0,4.0,40.0
12024067,3,CS304,OS Basics,O,10.0,4.0,40.0
12024067,4,CS401,Algorithms,O,10.0,4.0,40.0
12024067,4,CS402,Software Engineering,B,7.0,4.0,28.0
12024067,4,CS403,Theory of Computation,A,8.0,4.0,32.0
12024067,4,CS404,Microprocessors,A,8.0,4.0,32.0
12024067,4,CS405,Web Development,B,7.0,4.0,28.0
12024068,1,BSM101,Mathematics-I,B,7.0,4.0,28.0
12024068,1,CS101,Programming Basics,E,9.0,4.0,36.0
12024068,1,PHY101,Physics,B,7.0,4.0,28.0
12024068,1,EE101,Basic Electrical,B,7.0,4.0,28.0
12024068,1,ENG101,English,C,6.0,4.0,24.0
12024068,2,BSM301,Mathematics-III,E,9.0,4.0,36.0
12024068,2,CS201,Data Structures,E,9.0,4.0,36.0
12024068,2,CS202,Digital Logic,C,6.0,4.0,24.0
12024068,2,ME201,Engineering Mechanics,E,9.0,4.0,36.0
12024068,2,HS201,Economics,C,6.0,4.0,24.0
12024068,3,CS301,OOP with Java,C,6.0,4.0,24.0
12024068,3,CS302,DBMS,O,10.0,4.0,40.0
12024068,3,CS303,Computer Networks,C,6.0,4.0,24.0
12024068,3,BSM302,Mathematics-IV,B,7.0,4.0,28.0
12024068,3,CS304,OS Basics,A,8.0,4.0,32.0
12024068,4,CS401,Algorithms,C,6.0,4.0,24.0
12024068,4,CS402,Software Engineering,B,7.0,4.0,28.0
12024068,4,CS403,Theory of Computation,B,7.0,4.0,28.0
12024068,4,CS404,Microprocessors,C,6.0,4.0,24.0
12024068,4,CS405,Web Development,O,10.0,4.0,40.0
12024069,1,BSM101,Mathematics-I,E,9.0,4.0,36.0
12024069,1,CS101,Programming Basics,C,6.0,4.0,24.0
12024069,1,PHY101,Physics,E,9.0,4.0,36.0
12024069,1,EE101,Basic Electrical,E,9.0,4.0,36.0
12024069,1,ENG101,English,O,10.0,4.0,40.0
12024069,2,BSM301,Mathematics-III,O,10.0,4.0,40.0
12024069,2,CS201,Data Structures,B,7.0,4.0,28.0
12024069,2,CS202,Digital Logic,C,6.0,4.0,24.0
12024069,2,ME201,Engineering Mechanics,O,10.0,4.0,40.0
12024069,2,HS201,Economics,E,9.0,4.0,36.0
12024069,3,CS301,OOP with Java,C,6.0,4.0,24.0
12024069,3,CS302,DBMS,B,7.0,4.0,28.0
12024069,3,CS303,Computer Networks,E,9.0,4.0,36.0
12024069,3,BSM302,Mathematics-IV,E,9.0,4.0,36.0
12024069,3,CS304,OS Basics,C,6.0,4.0,24.0
12024069,4,CS401,Algorithms,O,10.0,4.0,40.0
12024069,4,CS402,Software Engineering,O,10.0,4.0,40.0
12024069,4,CS403,Theory of Computation,O,10.0,4.0,40.0
12024069,4,CS404,Microprocessors,A,8.0,4.0,32.0
12024069,4,CS405,Web Development,C,6.0,4.0,24.0
12024070,1,BSM101,Mathematics-I,O,10.0,4.0,40.0
12024070,1,CS101,Programming Basics,E,9.0,4.0,36.0
12024070,1,PHY101,Physics,A,8.0,4.0,32.0
12024070,1,EE101,Basic Electrical,B,7.0,4.0,28.0
12024070,1,ENG101,English,C,6.0,4.0,24.0
12024070,2,BSM301,Mathematics-III,A,8.0,4.0,32.0
12024070,2,CS201,Data Structures,A,8.0,4.0,32.0
12024070,2,CS202,Digital Logic,C,6.0,4.0,24.0
12024070,2,ME201,Engineering Mechanics,B,7.0,4.0,28.0
12024070,2,HS201,Economics,A,8.0,4.0,32.0
12024070,3,CS301,OOP with Java,B,7.0,4.0,28.0
12024070,3,CS302,DBMS,O,10.0,4.0,40.0
12024070,3,CS303,Computer Networks,B,7.0,4.0,28.0
12024070,3,BSM302,Mathematics-IV,E,9.0,4.0,36.0
12024070,3,CS304,OS Basics,C,6.0,4.0,24.0
12024070,4,CS401,Algorithms,E,9.0,4.0,36.0
12024070,4,CS402,Software Engineering,B,7.0,4.0,28.0
12024070,4,CS403,Theory of Computation,E,9.0,4.0,36.0
12024070,4,CS404,Microprocessors,C,6.0,4.0,24.0
12024070,4,CS405,Web Development,B,7.0,4.0,28.0
12024071,1,BSM101,Mathematics-I,A,8.0,4.0,32.0
12024071,1,CS101,Programming Basics,O,10.0,4.0,40.0
12024071,1,PHY101,Physics,O,10.0,4.0,40.0
12024071,1,EE101,Basic Electrical,A,8.0,4.0,32.0
12024071,1,ENG101,English,C,6.0,4.0,24.0
12024071,2,BSM301,Mathematics-III,E,9.0,4.0,36.0
12024071,2,CS201,Data Structures,E,9.0,4.0,36.0
12024071,2,CS202,Digital Logic,B,7.0,4.0,28.0
12024071,2,ME201,Engineering Mechanics,O,10.0,4.0,40.0
12024071,2,HS201,Economics,A,8.0,4.0,32.0
12024071,3,CS301,OOP with Java,E,9.0,4.0,36.0
12024071,3,CS302,DBMS,C,6.0,4.0,24.0
12024071,3,CS303,Computer Networks,A,8.0,4.0,32.0
12024071,3,BSM302,Mathematics-IV,E,9.0,4.0,36.0
12024071,3,CS304,OS Basics,E,9.0,4.0,36.0
12024071,4,CS401,Algorithms,B,7.0,4.0,28.0
12024071,4,CS402,Software Engineering,E,9.0,4.0,36.0
12024071,4,CS403,Theory of Computation,A,8.0,4.0,32.0
12024071,4,CS404,Microprocessors,B,7.0,4.0,28.0
12024071,4,CS405,Web Development,E,9.0,4.0,36.0
12024072,1,BSM101,Mathematics-I,B,7.0,4.0,28.0
12024072,1,CS101,Programming Basics,B,7.0,4.0,28.0
12024072,1,PHY101,Physics,A,8.0,4.0,32.0
12024072,1,EE101,Basic Electrical,B,7.0,4.0,28.0
12024072,1,ENG101,English,A,8.0,4.0,32.0
12024072,2,BSM301,Mathematics-III,E,9.0,4.0,36.0
12024072,2,CS201,Data Structures,B,7.0,4.0,28.0
12024072,2,CS202,Digital Logic,E,9.0,4.0,36.0
12024072,2,ME201,Engineering Mechanics,B,7.0,4.0,28.0
12024072,2,HS201,Economics,A,8.0,4.0,32.0
12024072,3,CS301,OOP with Java,A,8.0,4.0,32.0
12024072,3,CS302,DBMS,C,6.0,4.0,24.0
12024072,3,CS303,Computer Networks,C,6.0,4.0,24.0
12024072,3,BSM302,Mathematics-IV,A,8.0,4.0,32.0
12024072,3,CS304,OS Basics,E,9.0,4.0,36.0
12024072,4,CS401,Algorithms,B,7.0,4.0,28.0
12024072,4,CS402,Software Engineering,B,7.0,4.0,28.0
12024072,4,CS403,Theory of Computation,O,10.0,4.0,40.0
12024072,4,CS404,Microprocessors,B,7.0,4.0,28.0
12024072,4,CS405,Web Development,B,7.0,4.0,28.0
12024073,1,BSM101,Mathematics-I,E,9.0,4.0,36.0
12024073,1,CS101,Programming Basics,E,9.0,4.0,36.0
12024073,1,PHY101,Physics,B,7.0,4.0,28.0
12024073,1,EE101,Basic Electrical,O,10.0,4.0,40.0
12024073,1,ENG101,English,B,7.0,4.0,28.0
12024073,2,BSM301,Mathematics-III,E,9.0,4.0,36.0
12024073,2,CS201,Data Structures,A,8.0,4.0,32.0
12024073,2,CS202,Digital Logic,B,7.0,4.0,28.0
12024073,2,ME201,Engineering Mechanics,A,8.0,4.0,32.0
12024073,2,HS201,Economics,E,9.0,4.0,36.0
12024073,3,CS301,OOP with Java,B,7.0,4.0,28.0
12024073,3,CS302,DBMS,C,6.0,4.0,24.0
12024073,3,CS303,Computer Networks,B,7.0,4.0,28.0
12024073,3,BSM302,Mathematics-IV,C,6.0,4.0,24.0
12024073,3,CS304,OS Basics,B,7.0,4.0,28.0
12024073,4,CS401,Algorithms,A,8.0,4.0,32.0
12024073,4,CS402,Software Engineering,B,7.0,4.0,28.0
12024073,4,CS403,Theory of Computation,A,8.0,4.0,32.0
12024073,4,CS404,Microprocessors,O,10.0,4.0,40.0
12024073,4,CS405,Web Development,B,7.0,4.0,28.0
12024074,1,BSM101,Mathematics-I,B,7.0,4.0,28.0
12024074,1,CS101,Programming Basics,O,10.0,4.0,40.0
12024074,1,PHY101,Physics,A,8.0,4.0,32.0
12024074,1,EE101,Basic Electrical,C,6.0,4.0,24.0
12024074,1,ENG101,English,A,8.0,4.0,32.0
12024074,2,BSM301,Mathematics-III,C,6.0,4.0,24.0
12024074,2,CS201,Data Structures,C,6.0,4.0,24.0
12024074,2,CS202,Digital Logic,E,9.0,4.0,36.0
12024074,2,ME201,Engineering Mechanics,O,10.0,4.0,40.0
12024074,2,HS201,Economics,C,6.0,4.0,24.0
12024074,3,CS301,OOP with Java,O,10.0,4.0,40.0
12024074,3,CS302,DBMS,B,7.0,4.0,28.0
12024074,3,CS303,Computer Networks,C,6.0,4.0,24.0
12024074,3,BSM302,Mathematics-IV,B,7.0,4.0,28.0
12024074,3,CS304,OS Basics,B,7.0,4.0,28.0
12024074,4,CS401,Algorithms,C,6.0,4.0,24.0
12024074,4,CS402,Software Engineering,O,10.0,4.0,40.0
12024074,4,CS403,Theory of Computation,O,10.0,4.0,40.0
12024074,4,CS404,Microprocessors,E,9.0,4.0,36.0
12024074,4,CS405,Web Development,B,7.0,4.0,28.0
12024075,1,BSM101,Mathematics-I,A,8.0,4.0,32.0
12024075,1,CS101,Programming Basics,C,6.0,4.0,24.0
12024075,1,PHY101,Physics,E,9.0,4.0,36.0
12024075,1,EE101,Basic Electrical,B,7.0,4.0,28.0
12024075,1,ENG101,English,B,7.0,4.0,28.0
12024075,2,BSM301,Mathematics-III,A,8.0,4.0,32.0
12024075,2,CS201,Data Structures,O,10.0,4.0,40.0
12024075,2,CS202,Digital Logic,A,8.0,4.0,32.0
12024075,2,ME201,Engineering Mechanics,B,7.0,4.0,28.0
12024075,2,HS201,Economics,E,9.0,4.0,36.0
12024075,3,CS301,OOP with Java,A,8.0,4.0,32.0
12024075,3,CS302,DBMS,C,6.0,4.0,24.0
12024075,3,CS303,Computer Networks,B,7.0,4.0,28.0
12024075,3,BSM302,Mathematics-IV,C,6.0,4.0,24.0
12024075,3,CS304,OS Basics,C,6.0,4.0,24.0
12024075,4,CS401,Algorithms,O,10.0,4.0,40.0
12024075,4,CS402,Software Engineering,B,7.0,4.0,28.0
12024075,4,CS403,Theory of Computation,B,7.0,4.0,28.0
12024075,4,CS404,Microprocessors,O,10.0,4.0,40.0
12024075,4,CS405,Web Development,E,9.0,4.0,36.0
12024076,1,BSM101,Mathematics-I,E,9.0,4.0,36.0
12024076,1,CS101,Programming Basics,C,6.0,4.0,24.0
12024076,1,PHY101,Physics,E,9.0,4.0,36.0
12024076,1,EE101,Basic Electrical,A,8.0,4.0,32.0
12024076,1,ENG101,English,O,10.0,4.0,40.0
12024076,2,BSM301,Mathematics-III,B,7.0,4.0,28.0
12024076,2,CS201,Data Structures,A,8.0,4.0,32.0
12024076,2,CS202,Digital Logic,O,10.0,4.0,40.0
12024076,2,ME201,Engineering Mechanics,O,10.0,4.0,40.0
12024076,2,HS201,Economics,A,8.0,4.0,32.0
12024076,3,CS301,OOP with Java,O,10.0,4.0,40.0
12024076,3,CS302,DBMS,E,9.0,4.0,36.0
12024076,3,CS303,Computer Networks,A,8.0,4.0,32.0
12024076,3,BSM302,Mathematics-IV,A,8.0,4.0,32.0
12024076,3,CS304,OS Basics,O,10.0,4.0,40.0
12024076,4,CS401,Algorithms,B,7.0,4.0,28.0
12024076,4,CS402,Software Engineering,E,9.0,4.0,36.0
12024076,4,CS403,Theory of Computation,E,9.0,4.0,36.0
12024076,4,CS404,Microprocessors,B,7.0,4.0,28.0
12024076,4,CS405,Web Development,E,9.0,4.0,36.0
12024077,1,BSM101,Mathematics-I,E,9.0,4.0,36.0
12024077,1,CS101,Programming Basics,O,10.0,4.0,40.0
12024077,1,PHY101,Physics,E,9.0,4.0,36.0
12024077,1,EE101,Basic Electrical,O,10.0,4.0,40.0
12024077,1,ENG101,English,E,9.0,4.0,36.0
12024077,2,BSM301,Mathematics-III,C,6.0,4.0,24.0
12024077,2,CS201,Data Structures,O,10.0,4.0,40.0
12024077,2,CS202,Digital Logic,B,7.0,4.0,28.0
12024077,2,ME201,Engineering Mechanics,O,10.0,4.0,40.0
12024077,2,HS201,Economics,A,8.0,4.0,32.0
12024077,3,CS301,OOP with Java,E,9.0,4.0,36.0
12024077,3,CS302,DBMS,C,6.0,4.0,24.0
12024077,3,CS303,Computer Networks,B,7.0,4.0,28.0
12024077,3,BSM302,Mathematics-IV,A,8.0,4.0,32.0
12024077,3,CS304,OS Basics,B,7.0,4.0,28.0
12024077,4,CS401,Algorithms,O,10.0,4.0,40.0
12024077,4,CS402,Software Engineering,B,7.0,4.0,28.0
12024077,4,CS403,Theory of Computation,O,10.0,4.0,40.0
12024077,4,CS404,Microprocessors,O,10.0,4.0,40.0
12024077,4,CS405,Web Development,O,10.0,4.0,40.0
12024078,1,BSM101,Mathematics-I,C,6.0,4.0,24.0
12024078,1,CS101,Programming Basics,O,10.0,4.0,40.0
12024078,1,PHY101,Physics,O,10.0,4.0,40.0
12024078,1,EE101,Basic Electrical,A,8.0,4.0,32.0
12024078,1,ENG101,English,B,7.0,4.0,28.0
12024078,2,BSM301,Mathematics-III,O,10.0,4.0,40.0
12024078,2,CS201,Data Structures,E,9.0,4.0,36.0
12024078,2,CS202,Digital Logic,C,6.0,4.0,24.0
12024078,2,ME201,Engineering Mechanics,A,8.0,4.0,32.0
12024078,2,HS201,Economics,B,7.0,4.0,28.0
12024078,3,CS301,OOP with Java,C,6.0,4.0,24.0
12024078,3,CS302,DBMS,A,8.0,4.0,32.0
12024078,3,CS303,Computer Networks,B,7.0,4.0,28.0
12024078,3,BSM302,Mathematics-IV,A,8.0,4.0,32.0
12024078,3,CS304,OS Basics,C,6.0,4.0,24.0
12024078,4,CS401,Algorithms,E,9.0,4.0,36.0
12024078,4,CS402,Software Engineering,A,8.0,4.0,32.0
12024078,4,CS403,Theory of Computation,B,7.0,4.0,28.0
12024078,4,CS404,Microprocessors,O,10.0,4.0,40.0
12024078,4,CS405,Web Development,A,8.0,4.0,32.0
12024079,1,BSM101,Mathematics-I,O,10.0,4.0,40.0
12024079,1,CS101,Programming Basics,E,9.0,4.0,36.0
12024079,1,PHY101,Physics,E,9.0,4.0,36.0
12024079,1,EE101,Basic Electrical,B,7.0,4.0,28.0
12024079,1,ENG101,English,A,8.0,4.0,32.0
12024079,2,BSM301,Mathematics-III,A,8.0,4.0,32.0
12024079,2,CS201,Data Structures,E,9.0,4.0,36.0
12024079,2,CS202,Digital Logic,E,9.0,4.0,36.0
12024079,2,ME201,Engineering Mechanics,C,6.0,4.0,24.0
12024079,2,HS201,Economics,O,10.0,4.0,40.0
12024079,3,CS301,OOP with Java,E,9.0,4.0,36.0
12024079,3,CS302,DBMS,E,9.0,4.0,36.0
12024079,3,CS303,Computer Networks,C,6.0,4.0,24.0
12024079,3,BSM302,Mathematics-IV,B,7.0,4.0,28.0
12024079,3,CS304,OS Basics,E,9.0,4.0,36.0
12024079,4,CS401,Algorithms,A,8.0,4.0,32.0
12024079,4,CS402,Software Engineering,B,7.0,4.0,28.0
12024079,4,CS403,Theory of Computation,C,6.0,4.0,24.0
12024079,4,CS404,Microprocessors,C,6.0,4.0,24.0
12024079,4,CS405,Web Development,A,8.0,4.0,32.0
12024080,1,BSM101,Mathematics-I,B,7.0,4.0,28.0
12024080,1,CS101,Programming Basics,E,9.0,4.0,36.0
12024080,1,PHY101,Physics,O,10.0,4.0,40.0
12024080,1,EE101,Basic Electrical,O,10.0,4.0,40.0
12024080,1,ENG101,English,C,6.0,4.0,24.0
12024080,2,BSM301,Mathematics-III,E,9.0,4.0,36.0
12024080,2,CS201,Data Structures,B,7.0,4.0,28.0
12024080,2,CS202,Digital Logic,C,6.0,4.0,24.0
12024080,2,ME201,Engineering Mechanics,O,10.0,4.0,40.0
12024080,2,HS201,Economics,O,10.0,4.0,40.0
12024080,3,CS301,OOP with Java,E,9.0,4.0,36.0
12024080,3,CS302,DBMS,C,6.0,4.0,24.0
12024080,3,CS303,Computer Networks,A,8.0,4.0,32.0
12024080,3,BSM302,Mathematics-IV,E,9.0,4.0,36.0
12024080,3,CS304,OS Basics,A,8.0,4.0,32.0
12024080,4,CS401,Algorithms,O,10.0,4.0,40.0
12024080,4,CS402,Software Engineering,E,9.0,4.0,36.0
12024080,4,CS403,Theory of Computation,O,10.0,4.0,40.0
12024080,4,CS404,Microprocessors,B,7.0,4.0,28.0
12024080,4,CS405,Web Development,A,8.0,4.0,32.0
12024081,1,BSM101,Mathematics-I,B,7.0,4.0,28.0
12024081,1,CS101,Programming Basics,A,8.0,4.0,32.0
12024081,1,PHY101,Physics,O,10.0,4.0,40.0
12024081,1,EE101,Basic Electrical,B,7.0,4.0,28.0
12024081,1,ENG101,English,A,8.0,4.0,32.0
12024081,2,BSM301,Mathematics-III,O,10.0,4.0,40.0
12024081,2,CS201,Data Structures,O,10.0,4.0,40.0
12024081,2,CS202,Digital Logic,E,9.0,4.0,36.0
12024081,2,ME201,Engineering Mechanics,A,8.0,4.0,32.0
12024081,2,HS201,Economics,C,6.0,4.0,24.0
12024081,3,CS301,OOP with Java,O,10.0,4.0,40.0
12024081,3,CS302,DBMS,E,9.0,4.0,36.0
12024081,3,CS303,Computer Networks,B,7.0,4.0,28.0
12024081,3,BSM302,Mathematics-IV,C,6.0,4.0,24.0
12024081,3,CS304,OS Basics,O,10.0,4.0,40.0
12024081,4,CS401,Algorithms,E,9.0,4.0,36.0
12024081,4,CS402,Software Engineering,E,9.0,4.0,36.0
12024081,4,CS403,Theory of Computation,B,7.0,4.0,28.0
12024081,4,CS404,Microprocessors,E,9.0,4.0,36.0
12024081,4,CS405,Web Development,C,6.0,4.0,24.0
12024082,1,BSM101,Mathematics-I,B,7.0,4.0,28.0
12024082,1,CS101,Programming Basics,A,8.0,4.0,32.0
12024082,1,PHY101,Physics,E,9.0,4.0,36.0
12024082,1,EE101,Basic Electrical,O,10.0,4.0,40.0
12024082,1,ENG101,English,E,9.0,4.0,36.0
12024082,2,BSM301,Mathematics-III,O,10.0,4.0,40.0
12024082,2,CS201,Data Structures,B,7.0,4.0,28.0
12024082,2,CS202,Digital Logic,C,6.0,4.0,24.0
12024082,2,ME201,Engineering Mechanics,E,9.0,4.0,36.0
12024082,2,HS201,Economics,E,9.0,4.0,36.0
12024082,3,CS301,OOP with Java,A,8.0,4.0,32.0
12024082,3,CS302,DBMS,E,9.0,4.0,36.0
12024082,3,CS303,Computer Networks,B,7.0,4.0,28.0
12024082,3,BSM302,Mathematics-IV,E,9.0,4.0,36.0
12024082,3,CS304,OS Basics,O,10.0,4.0,40.0
12024082,4,CS401,Algorithms,A,8.0,4.0,32.0
12024082,4,CS402,Software Engineering,C,6.0,4.0,24.0
12024082,4,CS403,Theory of Computation,O,10.0,4.0,40.0
12024082,4,CS404,Microprocessors,C,6.0,4.0,24.0
12024082,4,CS405,Web Development,O,10.0,4.0,40.0
12024083,1,BSM101,Mathematics-I,C,6.0,4.0,24.0
12024083,1,CS101,Programming Basics,E,9.0,4.0,36.0
12024083,1,PHY101,Physics,C,6.0,4.0,24.0
12024083,1,EE101,Basic Electrical,B,7.0,4.0,28.0
12024083,1,ENG101,English,O,10.0,4.0,40.0
12024083,2,BSM301,Mathematics-III,O,10.0,4.0,40.0
12024083,2,CS201,Data Structures,E,9.0,4.0,36.0
12024083,2,CS202,Digital Logic,C,6.0,4.0,24.0
12024083,2,ME201,Engineering Mechanics,A,8.0,4.0,32.0
12024083,2,HS201,Economics,O,10.0,4.0,40.0
12024083,3,CS301,OOP with Java,A,8.0,4.0,32.0
12024083,3,CS302,DBMS,C,6.0,4.0,24.0
12024083,3,CS303,Computer Networks,A,8.0,4.0,32.0
12024083,3,BSM302,Mathematics-IV,A,8.0,4.0,32.0
12024083,3,CS304,OS Basics,B,7.0,4.0,28.0
12024083,4,CS401,Algorithms,C,6.0,4.0,24.0
12024083,4,CS402,Software Engineering,A,8.0,4.0,32.0
12024083,4,CS403,Theory of Computation,E,9.0,4.0,36.0
12024083,4,CS404,Microprocessors,O,10.0,4.0,40.0
12024083,4,CS405,Web Development,O,10.0,4.0,40.0
12024084,1,BSM101,Mathematics-I,O,10.0,4.0,40.0
12024084,1,CS101,Programming Basics,C,6.0,4.0,24.0
12024084,1,PHY101,Physics,A,8.0,4.0,32.0
12024084,1,EE101,Basic Electrical,E,9.0,4.0,36.0
12024084,1,ENG101,English,O,10.0,4.0,40.0
12024084,2,BSM301,Mathematics-III,B,7.0,4.0,28.0
12024084,2,CS201,Data Structures,O,10.0,4.0,40.0
12024084,2,CS202,Digital Logic,B,7.0,4.0,28.0
12024084,2,ME201,Engineering Mechanics,B,7.0,4.0,28.0
12024084,2,HS201,Economics,E,9.0,4.0,36.0
12024084,3,CS301,OOP with Java,E,9.0,4.0,36.0
12024084,3,CS302,DBMS,A,8.0,4.0,32.0
12024084,3,CS303,Computer Networks,E,9.0,4.0,36.0
12024084,3,BSM302,Mathematics-IV,O,10.0,4.0,40.0
12024084,3,CS304,OS Basics,B,7.0,4.0,28.0
12024084,4,CS401,Algorithms,C,6.0,4.0,24.0
12024084,4,CS402,Software Engineering,E,9.0,4.0,36.0
12024084,4,CS403,Theory of Computation,C,6.0,4.0,24.0
12024084,4,CS404,Microprocessors,C,6.0,4.0,24.0
12024084,4,CS405,Web Development,A,8.0,4.0,32.0
12024085,1,BSM101,Mathematics-I,A,8.0,4.0,32.0
12024085,1,CS101,Programming Basics,A,8.0,4.0,32.0
12024085,1,PHY101,Physics,C,6.0,4.0,24.0
12024085,1,EE101,Basic Electrical,O,10.0,4.0,40.0
12024085,1,ENG101,English,C,6.0,4.0,24.0
12024085,2,BSM301,Mathematics-III,E,9.0,4.0,36.0
12024085,2,CS201,Data Structures,C,6.0,4.0,24.0
12024085,2,CS202,Digital Logic,B,7.0,4.0,28.0
12024085,2,ME201,Engineering Mechanics,B,7.0,4.0,28.0
12024085,2,HS201,Economics,E,9.0,4.0,36.0
12024085,3,CS301,OOP with Java,A,8.0,4.0,32.0
12024085,3,CS302,DBMS,E,9.0,4.0,36.0
12024085,3,CS303,Computer Networks,E,9.0,4.0,36.0
12024085,3,BSM302,Mathematics-IV,E,9.0,4.0,36.0
12024085,3,CS304,OS Basics,O,10.0,4.0,40.0
12024085,4,CS401,Algorithms,E,9.0,4.0,36.0
12024085,4,CS402,Software Engineering,O,10.0,4.0,40.0
12024085,4,CS403,Theory of Computation,C,6.0,4.0,24.0
12024085,4,CS404,Microprocessors,O,10.0,4.0,40.0
12024085,4,CS405,Web Development,B,7.0,4.0,28.0
12024086,1,BSM101,Mathematics-I,B,7.0,4.0,28.0
12024086,1,CS101,Programming Basics,A,8.0,4.0,32.0
12024086,1,PHY101,Physics,A,8.0,4.0,32.0
12024086,1,EE101,Basic Electrical,C,6.0,4.0,24.0
12024086,1,ENG101,English,E,9.0,4.0,36.0
12024086,2,BSM301,Mathematics-III,C,6.0,4.0,24.0
12024086,2,CS201,Data Structures,O,10.0,4.0,40.0
12024086,2,CS202,Digital Logic,A,8.0,4.0,32.0
12024086,2,ME201,Engineering Mechanics,E,9.0,4.0,36.0
12024086,2,HS201,Economics,O,10.0,4.0,40.0
12024086,3,CS301,OOP with Java,E,9.0,4.0,36.0
12024086,3,CS302,DBMS,A,8.0,4.0,32.0
12024086,3,CS303,Computer Networks,O,10.0,4.0,40.0
12024086,3,BSM302,Mathematics-IV,B,7.0,4.0,28.0
12024086,3,CS304,OS Basics,C,6.0,4.0,24.0
12024086,4,CS401,Algorithms,A,8.0,4.0,32.0
12024086,4,CS402,Software Engineering,A,8.0,4.0,32.0
12024086,4,CS403,Theory of Computation,E,9.0,4.0,36.0
12024086,4,CS404,Microprocessors,A,8.0,4.0,32.0
12024086,4,CS405,Web Development,E,9.0,4.0,36.0
12024087,1,BSM101,Mathematics-I,O,10.0,4.0,40.0
12024087,1,CS101,Programming Basics,B,7.0,4.0,28.0
12024087,1,PHY101,Physics,C,6.0,4.0,24.0
12024087,1,EE101,Basic Electrical,C,6.0,4.0,24.0
12024087,1,ENG101,English,C,6.0,4.0,24.0
12024087,2,BSM301,Mathematics-III,E,9.0,4.0,36.0
12024087,2,CS201,Data Structures,E,9.0,4.0,36.0
12024087,2,CS202,Digital Logic,E,9.0,4.0,36.0
12024087,2,ME201,Engineering Mechanics,E,9.0,4.0,36.0
12024087,2,HS201,Economics,A,8.0,4.0,32.0
12024087,3,CS301,OOP with Java,A,8.0,4.0,32.0
12024087,3,CS302,DBMS,A,8.0,4.0,32.0
12024087,3,CS303,Computer Networks,O,10.0,4.0,40.0
12024087,3,BSM302,Mathematics-IV,C,6.0,4.0,24.0
12024087,3,CS304,OS Basics,B,7.0,4.0,28.0
12024087,4,CS401,Algorithms,A,8.0,4.0,32.0
12024087,4,CS402,Software Engineering,E,9.0,4.0,36.0
12024087,4,CS403,Theory of Computation,O,10.0,4.0,40.0
12024087,4,CS404,Microprocessors,C,6.0,4.0,24.0
12024087,4,CS405,Web Development,O,10.0,4.0,40.0
12024088,1,BSM101,Mathematics-I,E,9.0,4.0,36.0
12024088,1,CS101,Programming Basics,C,6.0,4.0,24.0
12024088,1,PHY101,Physics,E,9.0,4.0,36.0
12024088,1,EE101,Basic Electrical,O,10.0,4.0,40.0
12024088,1,ENG101,English,A,8.0,4.0,32.0
12024088,2,BSM301,Mathematics-III,C,6.0,4.0,24.0
12024088,2,CS201,Data Structures,A,8.0,4.0,32.0
12024088,2,CS202,Digital Logic,C,6.0,4.0,24.0
12024088,2,ME201,Engineering Mechanics,E,9.0,4.0,36.0
12024088,2,HS201,Economics,A,8.0,4.0,32.0
12024088,3,CS301,OOP with Java,O,10.0,4.0,40.0
12024088,3,CS302,DBMS,B,7.0,4.0,28.0
12024088,3,CS303,Computer Networks,A,8.0,4.0,32.0
12024088,3,BSM302,Mathematics-IV,C,6.0,4.0,24.0
12024088,3,CS304,OS Basics,E,9.0,4.0,36.0
12024088,4,CS401,Algorithms,C,6.0,4.0,24.0
12024088,4,CS402,Software Engineering,O,10.0,4.0,40.0
12024088,4,CS403,Theory of Computation,O,10.0,4.0,40.0
12024088,4,CS404,Microprocessors,B,7.0,4.0,28.0
12024088,4,CS405,Web Development,A,8.0,4.0,32.0
12024089,1,BSM101,Mathematics-I,E,9.0,4.0,36.0
12024089,1,CS101,Programming Basics,E,9.0,4.0,36.0
12024089,1,PHY101,Physics,O,10.0,4.0,40.0
12024089,1,EE101,Basic Electrical,E,9.0,4.0,36.0
12024089,1,ENG101,English,E,9.0,4.0,36.0
12024089,2,BSM301,Mathematics-III,C,6.0,4.0,24.0
12024089,2,CS201,Data Structures,O,10.0,4.0,40.0
12024089,2,CS202,Digital Logic,C,6.0,4.0,24.0
12024089,2,ME201,Engineering Mechanics,A,8.0,4.0,32.0
12024089,2,HS201,Economics,B,7.0,4.0,28.0
12024089,3,CS301,OOP with Java,O,10.0,4.0,40.0
12024089,3,CS302,DBMS,O,10.0,4.0,40.0
12024089,3,CS303,Computer Networks,B,7.0,4.0,28.0
12024089,3,BSM302,Mathematics-IV,A,8.0,4.0,32.0
12024089,3,CS304,OS Basics,C,6.0,4.0,24.0
12024089,4,CS401,Algorithms,E,9.0,4.0,36.0
12024089,4,CS402,Software Engineering,C,6.0,4.0,24.0
12024089,4,CS403,Theory of Computation,B,7.0,4.0,28.0
12024089,4,CS404,Microprocessors,B,7.0,4.0,28.0
12024089,4,CS405,Web Development,A,8.0,4.0,32.0
12024090,1,BSM101,Mathematics-I,B,7.0,4.0,28.0
12024090,1,CS101,Programming Basics,O,10.0,4.0,40.0
12024090,1,PHY101,Physics,C,6.0,4.0,24.0
12024090,1,EE101,Basic Electrical,O,10.0,4.0,40.0
12024090,1,ENG101,English,O,10.0,4.0,40.0
12024090,2,BSM301,Mathematics-III,B,7.0,4.0,28.0
12024090,2,CS201,Data Structures,B,7.0,4.0,28.0
12024090,2,CS202,Digital Logic,O,10.0,4.0,40.0
12024090,2,ME201,Engineering Mechanics,O,10.0,4.0,40.0
12024090,2,HS201,Economics,C,6.0,4.0,24.0
12024090,3,CS301,OOP with Java,B,7.0,4.0,28.0
12024090,3,CS302,DBMS,E,9.0,4.0,36.0
12024090,3,CS303,Computer Networks,O,10.0,4.0,40.0
12024090,3,BSM302,Mathematics-IV,B,7.0,4.0,28.0
12024090,3,CS304,OS Basics,E,9.0,4.0,36.0
12024090,4,CS401,Algorithms,A,8.0,4.0,32.0
12024090,4,CS402,Software Engineering,B,7.0,4.0,28.0
12024090,4,CS403,Theory of Computation,C,6.0,4.0,24.0
12024090,4,CS404,Microprocessors,E,9.0,4.0,36.0
12024090,4,CS405,Web Development,E,9.0,4.0,36.0
12024091,1,BSM101,Mathematics-I,O,10.0,4.0,40.0
12024091,1,CS101,Programming Basics,E,9.0,4.0,36.0
12024091,1,PHY101,Physics,E,9.0,4.0,36.0
12024091,1,EE101,Basic Electrical,B,7.0,4.0,28.0
12024091,1,ENG101,English,B,7.0,4.0,28.0
12024091,2,BSM301,Mathematics-III,B,7.0,4.0,28.0
12024091,2,CS201,Data Structures,E,9.0,4.0,36.0
12024091,2,CS202,Digital Logic,C,6.0,4.0,24.0
12024091,2,ME201,Engineering Mechanics,O,10.0,4.0,40.0
12024091,2,HS201,Economics,B,7.0,4.0,28.0
12024091,3,CS301,OOP with Java,A,8.0,4.0,32.0
12024091,3,CS302,DBMS,A,8.0,4.0,32.0
12024091,3,CS303,Computer Networks,B,7.0,4.0,28.0
12024091,3,BSM302,Mathematics-IV,C,6.0,4.0,24.0
12024091,3,CS304,OS Basics,B,7.0,4.0,28.0
12024091,4,CS401,Algorithms,O,10.0,4.0,40.0
12024091,4,CS402,Software Engineering,E,9.0,4.0,36.0
12024091,4,CS403,Theory of Computation,A,8.0,4.0,32.0
12024091,4,CS404,Microprocessors,A,8.0,4.0,32.0
12024091,4,CS405,Web Development,C,6.0,4.0,24.0
12024092,1,BSM101,Mathematics-I,B,7.0,4.0,28.0
12024092,1,CS101,Programming Basics,C,6.0,4.0,24.0
12024092,1,PHY101,Physics,E,9.0,4.0,36.0
12024092,1,EE101,Basic Electrical,C,6.0,4.0,24.0
12024092,1,ENG101,English,B,7.0,4.0,28.0
12024092,2,BSM301,Mathematics-III,C,6.0,4.0,24.0
12024092,2,CS201,Data Structures,A,8.0,4.0,32.0
12024092,2,CS202,Digital Logic,B,7.0,4.0,28.0
12024092,2,ME201,Engineering Mechanics,B,7.0,4.0,28.0
12024092,2,HS201,Economics,A,8.0,4.0,32.0
12024092,3,CS301,OOP with Java,E,9.0,4.0,36.0
12024092,3,CS302,DBMS,C,6.0,4.0,24.0
12024092,3,CS303,Computer Networks,B,7.0,4.0,28.0
12024092,3,BSM302,Mathematics-IV,E,9.0,4.0,36.0
12024092,3,CS304,OS Basics,A,8.0,4.0,32.0
12024092,4,CS401,Algorithms,B,7.0,4.0,28.0
12024092,4,CS402,Software Engineering,C,6.0,4.0,24.0
12024092,4,CS403,Theory of Computation,E,9.0,4.0,36.0
12024092,4,CS404,Microprocessors,O,10.0,4.0,40.0
12024092,4,CS405,Web Development,E,9.0,4.0,36.0
12024093,1,BSM101,Mathematics-I,O,10.0,4.0,40.0
12024093,1,CS101,Programming Basics,E,9.0,4.0,36.0
12024093,1,PHY101,Physics,O,10.0,4.0,40.0
12024093,1,EE101,Basic Electrical,B,7.0,4.0,28.0
12024093,1,ENG101,English,O,10.0,4.0,40.0
12024093,2,BSM301,Mathematics-III,B,7.0,4.0,28.0
12024093,2,CS201,Data Structures,B,7.0,4.0,28.0
12024093,2,CS202,Digital Logic,O,10.0,4.0,40.0
12024093,2,ME201,Engineering Mechanics,O,10.0,4.0,40.0
12024093,2,HS201,Economics,B,7.0,4.0,28.0
12024093,3,CS301,OOP with Java,C,6.0,4.0,24.0
12024093,3,CS302,DBMS,B,7.0,4.0,28.0
12024093,3,CS303,Computer Networks,O,10.0,4.0,40.0
12024093,3,BSM302,Mathematics-IV,A,8.0,4.0,32.0
12024093,3,CS304,OS Basics,B,7.0,4.0,28.0
12024093,4,CS401,Algorithms,E,9.0,4.0,36.0
12024093,4,CS402,Software Engineering,C,6.0,4.0,24.0
12024093,4,CS403,Theory of Computation,E,9.0,4.0,36.0
12024093,4,CS404,Microprocessors,C,6.0,4.0,24.0
12024093,4,CS405,Web Development,C,6.0,4.0,24.0
12024094,1,BSM101,Mathematics-I,B,7.0,4.0,28.0
12024094,1,CS101,Programming Basics,E,9.0,4.0,36.0
12024094,1,PHY101,Physics,C,6.0,4.0,24.0
12024094,1,EE101,Basic Electrical,A,8.0,4.0,32.0
12024094,1,ENG101,English,A,8.0,4.0,32.0
12024094,2,BSM301,Mathematics-III,B,7.0,4.0,28.0
12024094,2,CS201,Data Structures,C,6.0,4.0,24.0
12024094,2,CS202,Digital Logic,C,6.0,4.0,24.0
12024094,2,ME201,Engineering Mechanics,A,8.0,4.0,32.0
12024094,2,HS201,Economics,O,10.0,4.0,40.0
12024094,3,CS301,OOP with Java,E,9.0,4.0,36.0
12024094,3,CS302,DBMS,E,9.0,4.0,36.0
12024094,3,CS303,Computer Networks,B,7.0,4.0,28.0
12024094,3,BSM302,Mathematics-IV,E,9.0,4.0,36.0
12024094,3,CS304,OS Basics,B,7.0,4.0,28.0
12024094,4,CS401,Algorithms,E,9.0,4.0,36.0
12024094,4,CS402,Software Engineering,B,7.0,4.0,28.0
12024094,4,CS403,Theory of Computation,E,9.0,4.0,36.0
12024094,4,CS404,Microprocessors,A,8.0,4.0,32.0
12024094,4,CS405,Web Development,A,8.0,4.0,32.0
12024095,1,BSM101,Mathematics-I,O,10.0,4.0,40.0
12024095,1,CS101,Programming Basics,O,10.0,4.0,40.0
12024095,1,PHY101,Physics,C,6.0,4.0,24.0
12024095,1,EE101,Basic Electrical,A,8.0,4.0,32.0
12024095,1,ENG101,English,A,8.0,4.0,32.0
12024095,2,BSM301,Mathematics-III,C,6.0,4.0,24.0
12024095,2,CS201,Data Structures,B,7.0,4.0,28.0
12024095,2,CS202,Digital Logic,A,8.0,4.0,32.0
12024095,2,ME201,Engineering Mechanics,A,8.0,4.0,32.0
12024095,2,HS201,Economics,A,8.0,4.0,32.0
12024095,3,CS301,OOP with Java,A,8.0,4.0,32.0
12024095,3,CS302,DBMS,B,7.0,4.0,28.0
12024095,3,CS303,Computer Networks,A,8.0,4.0,32.0
12024095,3,BSM302,Mathematics-IV,O,10.0,4.0,40.0
12024095,3,CS304,OS Basics,C,6.0,4.0,24.0
12024095,4,CS401,Algorithms,C,6.0,4.0,24.0
12024095,4,CS402,Software Engineering,C,6.0,4.0,24.0
12024095,4,CS403,Theory of Computation,A,8.0,4.0,32.0
12024095,4,CS404,Microprocessors,O,10.0,4.0,40.0
12024095,4,CS405,Web Development,A,8.0,4.0,32.0
12024096,1,BSM101,Mathematics-I,E,9.0,4.0,36.0
12024096,1,CS101,Programming Basics,O,10.0,4.0,40.0
12024096,1,PHY101,Physics,A,8.0,4.0,32.0
12024096,1,EE101,Basic Electrical,B,7.0,4.0,28.0
12024096,1,ENG101,English,E,9.0,4.0,36.0
12024096,2,BSM301,Mathematics-III,O,10.0,4.0,40.0
12024096,2,CS201,Data Structures,E,9.0,4.0,36.0
12024096,2,CS202,Digital Logic,O,10.0,4.0,40.0
12024096,2,ME201,Engineering Mechanics,A,8.0,4.0,32.0
12024096,2,HS201,Economics,B,7.0,4.0,28.0
12024096,3,CS301,OOP with Java,O,10.0,4.0,40.0
12024096,3,CS302,DBMS,O,10.0,4.0,40.0
12024096,3,CS303,Computer Networks,B,7.0,4.0,28.0
12024096,3,BSM302,Mathematics-IV,O,10.0,4.0,40.0
12024096,3,CS304,OS Basics,C,6.0,4.0,24.0
12024096,4,CS401,Algorithms,O,10.0,4.0,40.0
12024096,4,CS402,Software Engineering,C,6.0,4.0,24.0
12024096,4,CS403,Theory of Computation,E,9.0,4.0,36.0
12024096,4,CS404,Microprocessors,B,7.0,4.0,28.0
12024096,4,CS405,Web Development,B,7.0,4.0,28.0
12024097,1,BSM101,Mathematics-I,C,6.0,4.0,24.0
12024097,1,CS101,Programming Basics,B,7.0,4.0,28.0
12024097,1,PHY101,Physics,C,6.0,4.0,24.0
12024097,1,EE101,Basic Electrical,O,10.0,4.0,40.0
12024097,1,ENG101,English,O,10.0,4.0,40.0
12024097,2,BSM301,Mathematics-III,A,8.0,4.0,32.0
12024097,2,CS201,Data Structures,E,9.0,4.0,36.0
12024097,2,CS202,Digital Logic,E,9.0,4.0,36.0
12024097,2,ME201,Engineering Mechanics,C,6.0,4.0,24.0
12024097,2,HS201,Economics,E,9.0,4.0,36.0
12024097,3,CS301,OOP with Java,E,9.0,4.0,36.0
12024097,3,CS302,DBMS,O,10.0,4.0,40.0
12024097,3,CS303,Computer Networks,B,7.0,4.0,28.0
12024097,3,BSM302,Mathematics-IV,B,7.0,4.0,28.0
12024097,3,CS304,OS Basics,C,6.0,4.0,24.0
12024097,4,CS401,Algorithms,E,9.0,4.0,36.0
12024097,4,CS402,Software Engineering,A,8.0,4.0,32.0
12024097,4,CS403,Theory of Computation,O,10.0,4.0,40.0
12024097,4,CS404,Microprocessors,B,7.0,4.0,28.0
12024097,4,CS405,Web Development,E,9.0,4.0,36.0
12024098,1,BSM101,Mathematics-I,O,10.0,4.0,40.0
12024098,1,CS101,Programming Basics,A,8.0,4.0,32.0
12024098,1,PHY101,Physics,E,9.0,4.0,36.0
12024098,1,EE101,Basic Electrical,C,6.0,4.0,24.0
12024098,1,ENG101,English,A,8.0,4.0,32.0
12024098,2,BSM301,Mathematics-III,O,10.0,4.0,40.0
12024098,2,CS201,Data Structures,C,6.0,4.0,24.0
12024098,2,CS202,Digital Logic,C,6.0,4.0,24.0
12024098,2,ME201,Engineering Mechanics,C,6.0,4.0,24.0
12024098,2,HS201,Economics,B,7.0,4.0,28.0
12024098,3,CS301,OOP with Java,O,10.0,4.0,40.0
12024098,3,CS302,DBMS,C,6.0,4.0,24.0
12024098,3,CS303,Computer Networks,A,8.0,4.0,32.0
12024098,3,BSM302,Mathematics-IV,E,9.0,4.0,36.0
12024098,3,CS304,OS Basics,O,10.0,4.0,40.0
12024098,4,CS401,Algorithms,B,7.0,4.0,28.0
12024098,4,CS402,Software Engineering,A,8.0,4.0,32.0
12024098,4,CS403,Theory of Computation,B,7.0,4.0,28.0
12024098,4,CS404,Microprocessors,B,7.0,4.0,28.0
12024098,4,CS405,Web Development,B,7.0,4.0,28.0
12024099,1,BSM101,Mathematics-I,E,9.0,4.0,36.0
12024099,1,CS101,Programming Basics,A,8.0,4.0,32.0
12024099,1,PHY101,Physics,E,9.0,4.0,36.0
12024099,1,EE101,Basic Electrical,E,9.0,4.0,36.0
12024099,1,ENG101,English,O,10.0,4.0,40.0
12024099,2,BSM301,Mathematics-III,C,6.0,4.0,24.0
12024099,2,CS201,Data Structures,B,7.0,4.0,28.0
12024099,2,CS202,Digital Logic,B,7.0,4.0,28.0
12024099,2,ME201,Engineering Mechanics,E,9.0,4.0,36.0
12024099,2,HS201,Economics,B,7.0,4.0,28.0
12024099,3,CS301,OOP with Java,E,9.0,4.0,36.0
12024099,3,CS302,DBMS,E,9.0,4.0,36.0
12024099,3,CS303,Computer Networks,B,7.0,4.0,28.0
12024099,3,BSM302,Mathematics-IV,B,7.0,4.0,28.0
12024099,3,CS304,OS Basics,A,8.0,4.0,32.0
12024099,4,CS401,Algorithms,E,9.0,4.0,36.0
12024099,4,CS402,Software Engineering,C,6.0,4.0,24.0
12024099,4,CS403,Theory of Computation,C,6.0,4.0,24.0
12024099,4,CS404,Microprocessors,C,6.0,4.0,24.0
12024099,4,CS405,Web Development,A,8.0,4.0,32.0
12024100,1,BSM101,Mathematics-I,B,7.0,4.0,28.0
12024100,1,CS101,Programming Basics,C,6.0,4.0,24.0
12024100,1,PHY101,Physics,E,9.0,4.0,36.0
12024100,1,EE101,Basic Electrical,C,6.0,4.0,24.0
12024100,1,ENG101,English,C,6.0,4.0,24.0
12024100,2,BSM301,Mathematics-III,O,10.0,4.0,40.0
12024100,2,CS201,Data Structures,C,6.0,4.0,24.0
12024100,2,CS202,Digital Logic,C,6.0,4.0,24.0
12024100,2,ME201,Engineering Mechanics,B,7.0,4.0,28.0
12024100,2,HS201,Economics,C,6.0,4.0,24.0
12024100,3,CS301,OOP with Java,O,10.0,4.0,40.0
12024100,3,CS302,DBMS,E,9.0,4.0,36.0
12024100,3,CS303,Computer Networks,E,9.0,4.0,36.0
12024100,3,BSM302,Mathematics-IV,A,8.0,4.0,32.0
12024100,3,CS304,OS Basics,C,6.0,4.0,24.0
12024100,4,CS401,Algorithms,B,7.0,4.0,28.0
12024100,4,CS402,Software Engineering,E,9.0,4.0,36.0
12024100,4,CS403,Theory of Computation,E,9.0,4.0,36.0
12024100,4,CS404,Microprocessors,E,9.0,4.0,36.0
12024100,4,CS405,Web Development,C,6.0,4.0,24.0
